,Unnamed: 0,Images,Gender
0,0, data/train/men/000335.jpg,1
1,1, data/train/men/000617.jpg,1
2,2, data/train/men/000732.jpg,1
3,3, data/train/men/000788.jpg,1
4,4, data/train/men/000813.jpg,1
5,5, data/train/men/000858.jpg,1
6,6, data/train/men/000875.jpg,1
7,7, data/train/men/001173.jpg,1
8,8, data/train/men/001215.jpg,1
9,9, data/train/men/001325.jpg,1
10,10, data/train/men/001464.jpg,1
11,11, data/train/men/001489.jpg,1
12,12, data/train/men/001501.jpg,1
13,13, data/train/men/001547.jpg,1
14,14, data/train/men/001632.jpg,1
15,15, data/train/men/001803.jpg,1
16,16, data/train/men/001876.jpg,1
17,17, data/train/men/002068.jpg,1
18,18, data/train/men/002286.jpg,1
19,19, data/train/men/002385.jpg,1
20,20, data/train/men/002456.jpg,1
21,21, data/train/men/002526.jpg,1
22,22, data/train/men/002585.jpg,1
23,23, data/train/men/002752.jpg,1
24,24, data/train/men/002900.jpg,1
25,25, data/train/men/002975.jpg,1
26,26, data/train/men/003072.jpg,1
27,27, data/train/men/003191.jpg,1
28,28, data/train/men/003332.jpg,1
29,29, data/train/men/003380.jpg,1
30,30, data/train/men/003438.jpg,1
31,31, data/train/men/003504.jpg,1
32,32, data/train/men/004359.jpg,1
33,33, data/train/men/004370.jpg,1
34,34, data/train/men/004473.jpg,1
35,35, data/train/men/004595.jpg,1
36,36, data/train/men/004637.jpg,1
37,37, data/train/men/004736.jpg,1
38,38, data/train/men/004737.jpg,1
39,39, data/train/men/004798.jpg,1
40,40, data/train/men/004874.jpg,1
41,41, data/train/men/005006.jpg,1
42,42, data/train/men/005064.jpg,1
43,43, data/train/men/005240.jpg,1
44,44, data/train/men/005286.jpg,1
45,45, data/train/men/005304.jpg,1
46,46, data/train/men/005316.jpg,1
47,47, data/train/men/005353.jpg,1
48,48, data/train/men/005385.jpg,1
49,49, data/train/men/005542.jpg,1
50,50, data/train/men/005605.jpg,1
51,51, data/train/men/005692.jpg,1
52,52, data/train/men/005807.jpg,1
53,53, data/train/men/005929.jpg,1
54,54, data/train/men/005949.jpg,1
55,55, data/train/men/006150.jpg,1
56,56, data/train/men/006241.jpg,1
57,57, data/train/men/006391.jpg,1
58,58, data/train/men/006492.jpg,1
59,59, data/train/men/006571.jpg,1
60,60, data/train/men/006633.jpg,1
61,61, data/train/men/006831.jpg,1
62,62, data/train/men/006862.jpg,1
63,63, data/train/men/006983.jpg,1
64,64, data/train/men/006999.jpg,1
65,65, data/train/men/007043.jpg,1
66,66, data/train/men/007111.jpg,1
67,67, data/train/men/007282.jpg,1
68,68, data/train/men/007350.jpg,1
69,69, data/train/men/007432.jpg,1
70,70, data/train/men/007596.jpg,1
71,71, data/train/men/007731.jpg,1
72,72, data/train/men/007827.jpg,1
73,73, data/train/men/007845.jpg,1
74,74, data/train/men/007929.jpg,1
75,75, data/train/men/008013.jpg,1
76,76, data/train/men/008057.jpg,1
77,77, data/train/men/008202.jpg,1
78,78, data/train/men/008372.jpg,1
79,79, data/train/men/008464.jpg,1
80,80, data/train/men/008763.jpg,1
81,81, data/train/men/008782.jpg,1
82,82, data/train/men/008814.jpg,1
83,83, data/train/men/008821.jpg,1
84,84, data/train/men/008823.jpg,1
85,85, data/train/men/008867.jpg,1
86,86, data/train/men/009013.jpg,1
87,87, data/train/men/009188.jpg,1
88,88, data/train/men/009351.jpg,1
89,89, data/train/men/009499.jpg,1
90,90, data/train/men/009700.jpg,1
91,91, data/train/men/009846.jpg,1
92,92, data/train/men/009855.jpg,1
93,93, data/train/men/009878.jpg,1
94,94, data/train/men/009966.jpg,1
95,95, data/train/men/010169.jpg,1
96,96, data/train/men/010383.jpg,1
97,97, data/train/men/010390.jpg,1
98,98, data/train/men/010431.jpg,1
99,99, data/train/men/010467.jpg,1
100,100, data/train/men/010505.jpg,1
101,101, data/train/men/010508.jpg,1
102,102, data/train/men/010723.jpg,1
103,103, data/train/men/010814.jpg,1
104,104, data/train/men/010844.jpg,1
105,105, data/train/men/010901.jpg,1
106,106, data/train/men/011070.jpg,1
107,107, data/train/men/011077.jpg,1
108,108, data/train/men/011350.jpg,1
109,109, data/train/men/011553.jpg,1
110,110, data/train/men/011603.jpg,1
111,111, data/train/men/011635.jpg,1
112,112, data/train/men/011840.jpg,1
113,113, data/train/men/011966.jpg,1
114,114, data/train/men/012027.jpg,1
115,115, data/train/men/012103.jpg,1
116,116, data/train/men/012599.jpg,1
117,117, data/train/men/012657.jpg,1
118,118, data/train/men/012870.jpg,1
119,119, data/train/men/012890.jpg,1
120,120, data/train/men/013267.jpg,1
121,121, data/train/men/013302.jpg,1
122,122, data/train/men/013368.jpg,1
123,123, data/train/men/013409.jpg,1
124,124, data/train/men/013519.jpg,1
125,125, data/train/men/013629.jpg,1
126,126, data/train/men/013640.jpg,1
127,127, data/train/men/013654.jpg,1
128,128, data/train/men/013824.jpg,1
129,129, data/train/men/013869.jpg,1
130,130, data/train/men/013957.jpg,1
131,131, data/train/men/014138.jpg,1
132,132, data/train/men/014159.jpg,1
133,133, data/train/men/014207.jpg,1
134,134, data/train/men/014350.jpg,1
135,135, data/train/men/014528.jpg,1
136,136, data/train/men/014545.jpg,1
137,137, data/train/men/014636.jpg,1
138,138, data/train/men/014816.jpg,1
139,139, data/train/men/014905.jpg,1
140,140, data/train/men/014954.jpg,1
141,141, data/train/men/015041.jpg,1
142,142, data/train/men/015105.jpg,1
143,143, data/train/men/015127.jpg,1
144,144, data/train/men/015158.jpg,1
145,145, data/train/men/015219.jpg,1
146,146, data/train/men/015244.jpg,1
147,147, data/train/men/015274.jpg,1
148,148, data/train/men/015367.jpg,1
149,149, data/train/men/015376.jpg,1
150,150, data/train/men/015562.jpg,1
151,151, data/train/men/015564.jpg,1
152,152, data/train/men/015782.jpg,1
153,153, data/train/men/015887.jpg,1
154,154, data/train/men/016118.jpg,1
155,155, data/train/men/016150.jpg,1
156,156, data/train/men/016190.jpg,1
157,157, data/train/men/016248.jpg,1
158,158, data/train/men/016254.jpg,1
159,159, data/train/men/016372.jpg,1
160,160, data/train/men/016443.jpg,1
161,161, data/train/men/016593.jpg,1
162,162, data/train/men/016698.jpg,1
163,163, data/train/men/016846.jpg,1
164,164, data/train/men/016861.jpg,1
165,165, data/train/men/017076.jpg,1
166,166, data/train/men/017077.jpg,1
167,167, data/train/men/017126.jpg,1
168,168, data/train/men/017328.jpg,1
169,169, data/train/men/017398.jpg,1
170,170, data/train/men/017475.jpg,1
171,171, data/train/men/017578.jpg,1
172,172, data/train/men/017735.jpg,1
173,173, data/train/men/017750.jpg,1
174,174, data/train/men/017824.jpg,1
175,175, data/train/men/017975.jpg,1
176,176, data/train/men/018077.jpg,1
177,177, data/train/men/018173.jpg,1
178,178, data/train/men/018419.jpg,1
179,179, data/train/men/018611.jpg,1
180,180, data/train/men/018711.jpg,1
181,181, data/train/men/018739.jpg,1
182,182, data/train/men/018758.jpg,1
183,183, data/train/men/018817.jpg,1
184,184, data/train/men/018869.jpg,1
185,185, data/train/men/019125.jpg,1
186,186, data/train/men/019148.jpg,1
187,187, data/train/men/019171.jpg,1
188,188, data/train/men/019410.jpg,1
189,189, data/train/men/019658.jpg,1
190,190, data/train/men/019669.jpg,1
191,191, data/train/men/019786.jpg,1
192,192, data/train/men/019832.jpg,1
193,193, data/train/men/019934.jpg,1
194,194, data/train/men/019938.jpg,1
195,195, data/train/men/020177.jpg,1
196,196, data/train/men/020284.jpg,1
197,197, data/train/men/020349.jpg,1
198,198, data/train/men/020455.jpg,1
199,199, data/train/men/020558.jpg,1
200,200, data/train/men/020619.jpg,1
201,201, data/train/men/020636.jpg,1
202,202, data/train/men/020646.jpg,1
203,203, data/train/men/020738.jpg,1
204,204, data/train/men/020791.jpg,1
205,205, data/train/men/020822.jpg,1
206,206, data/train/men/021013.jpg,1
207,207, data/train/men/021081.jpg,1
208,208, data/train/men/021164.jpg,1
209,209, data/train/men/021225.jpg,1
210,210, data/train/men/021262.jpg,1
211,211, data/train/men/021280.jpg,1
212,212, data/train/men/021349.jpg,1
213,213, data/train/men/021670.jpg,1
214,214, data/train/men/021799.jpg,1
215,215, data/train/men/021958.jpg,1
216,216, data/train/men/022003.jpg,1
217,217, data/train/men/022146.jpg,1
218,218, data/train/men/022397.jpg,1
219,219, data/train/men/022465.jpg,1
220,220, data/train/men/022473.jpg,1
221,221, data/train/men/022597.jpg,1
222,222, data/train/men/022704.jpg,1
223,223, data/train/men/022832.jpg,1
224,224, data/train/men/022838.jpg,1
225,225, data/train/men/023084.jpg,1
226,226, data/train/men/023108.jpg,1
227,227, data/train/men/023173.jpg,1
228,228, data/train/men/023200.jpg,1
229,229, data/train/men/023269.jpg,1
230,230, data/train/men/023588.jpg,1
231,231, data/train/men/023657.jpg,1
232,232, data/train/men/023661.jpg,1
233,233, data/train/men/023673.jpg,1
234,234, data/train/men/023684.jpg,1
235,235, data/train/men/023756.jpg,1
236,236, data/train/men/023786.jpg,1
237,237, data/train/men/023819.jpg,1
238,238, data/train/men/023871.jpg,1
239,239, data/train/men/023919.jpg,1
240,240, data/train/men/023963.jpg,1
241,241, data/train/men/024026.jpg,1
242,242, data/train/men/024619.jpg,1
243,243, data/train/men/024621.jpg,1
244,244, data/train/men/024767.jpg,1
245,245, data/train/men/024897.jpg,1
246,246, data/train/men/024924.jpg,1
247,247, data/train/men/024988.jpg,1
248,248, data/train/men/025003.jpg,1
249,249, data/train/men/025125.jpg,1
250,250, data/train/men/025237.jpg,1
251,251, data/train/men/025316.jpg,1
252,252, data/train/men/025397.jpg,1
253,253, data/train/men/025508.jpg,1
254,254, data/train/men/025592.jpg,1
255,255, data/train/men/025625.jpg,1
256,256, data/train/men/025798.jpg,1
257,257, data/train/men/025801.jpg,1
258,258, data/train/men/025862.jpg,1
259,259, data/train/men/026345.jpg,1
260,260, data/train/men/026511.jpg,1
261,261, data/train/men/026748.jpg,1
262,262, data/train/men/026774.jpg,1
263,263, data/train/men/027241.jpg,1
264,264, data/train/men/027356.jpg,1
265,265, data/train/men/027383.jpg,1
266,266, data/train/men/027480.jpg,1
267,267, data/train/men/027717.jpg,1
268,268, data/train/men/027722.jpg,1
269,269, data/train/men/027747.jpg,1
270,270, data/train/men/027896.jpg,1
271,271, data/train/men/027904.jpg,1
272,272, data/train/men/027911.jpg,1
273,273, data/train/men/028162.jpg,1
274,274, data/train/men/028330.jpg,1
275,275, data/train/men/028455.jpg,1
276,276, data/train/men/028458.jpg,1
277,277, data/train/men/028582.jpg,1
278,278, data/train/men/028601.jpg,1
279,279, data/train/men/028620.jpg,1
280,280, data/train/men/028650.jpg,1
281,281, data/train/men/028793.jpg,1
282,282, data/train/men/028845.jpg,1
283,283, data/train/men/028987.jpg,1
284,284, data/train/men/029036.jpg,1
285,285, data/train/men/029170.jpg,1
286,286, data/train/men/029309.jpg,1
287,287, data/train/men/029429.jpg,1
288,288, data/train/men/029571.jpg,1
289,289, data/train/men/029613.jpg,1
290,290, data/train/men/029774.jpg,1
291,291, data/train/men/029831.jpg,1
292,292, data/train/men/029833.jpg,1
293,293, data/train/men/029860.jpg,1
294,294, data/train/men/030107.jpg,1
295,295, data/train/men/030207.jpg,1
296,296, data/train/men/030240.jpg,1
297,297, data/train/men/030281.jpg,1
298,298, data/train/men/030508.jpg,1
299,299, data/train/men/030861.jpg,1
300,300, data/train/men/031089.jpg,1
301,301, data/train/men/031134.jpg,1
302,302, data/train/men/031337.jpg,1
303,303, data/train/men/031440.jpg,1
304,304, data/train/men/031456.jpg,1
305,305, data/train/men/031869.jpg,1
306,306, data/train/men/031992.jpg,1
307,307, data/train/men/032232.jpg,1
308,308, data/train/men/032280.jpg,1
309,309, data/train/men/032443.jpg,1
310,310, data/train/men/032486.jpg,1
311,311, data/train/men/032491.jpg,1
312,312, data/train/men/032632.jpg,1
313,313, data/train/men/032672.jpg,1
314,314, data/train/men/033084.jpg,1
315,315, data/train/men/033086.jpg,1
316,316, data/train/men/033217.jpg,1
317,317, data/train/men/033337.jpg,1
318,318, data/train/men/033632.jpg,1
319,319, data/train/men/033921.jpg,1
320,320, data/train/men/034157.jpg,1
321,321, data/train/men/034221.jpg,1
322,322, data/train/men/034490.jpg,1
323,323, data/train/men/034511.jpg,1
324,324, data/train/men/034537.jpg,1
325,325, data/train/men/034590.jpg,1
326,326, data/train/men/034607.jpg,1
327,327, data/train/men/034731.jpg,1
328,328, data/train/men/034781.jpg,1
329,329, data/train/men/034919.jpg,1
330,330, data/train/men/034989.jpg,1
331,331, data/train/men/035001.jpg,1
332,332, data/train/men/035036.jpg,1
333,333, data/train/men/035122.jpg,1
334,334, data/train/men/035138.jpg,1
335,335, data/train/men/035183.jpg,1
336,336, data/train/men/035520.jpg,1
337,337, data/train/men/035541.jpg,1
338,338, data/train/men/035846.jpg,1
339,339, data/train/men/035992.jpg,1
340,340, data/train/men/035995.jpg,1
341,341, data/train/men/036014.jpg,1
342,342, data/train/men/036027.jpg,1
343,343, data/train/men/036100.jpg,1
344,344, data/train/men/036797.jpg,1
345,345, data/train/men/036855.jpg,1
346,346, data/train/men/036999.jpg,1
347,347, data/train/men/037208.jpg,1
348,348, data/train/men/037255.jpg,1
349,349, data/train/men/037343.jpg,1
350,350, data/train/men/037344.jpg,1
351,351, data/train/men/037475.jpg,1
352,352, data/train/men/037495.jpg,1
353,353, data/train/men/037520.jpg,1
354,354, data/train/men/037542.jpg,1
355,355, data/train/men/037638.jpg,1
356,356, data/train/men/037749.jpg,1
357,357, data/train/men/037758.jpg,1
358,358, data/train/men/037765.jpg,1
359,359, data/train/men/038012.jpg,1
360,360, data/train/men/038104.jpg,1
361,361, data/train/men/038116.jpg,1
362,362, data/train/men/038218.jpg,1
363,363, data/train/men/038244.jpg,1
364,364, data/train/men/038277.jpg,1
365,365, data/train/men/038287.jpg,1
366,366, data/train/men/038290.jpg,1
367,367, data/train/men/038312.jpg,1
368,368, data/train/men/038438.jpg,1
369,369, data/train/men/038454.jpg,1
370,370, data/train/men/038561.jpg,1
371,371, data/train/men/038569.jpg,1
372,372, data/train/men/038705.jpg,1
373,373, data/train/men/038717.jpg,1
374,374, data/train/men/038766.jpg,1
375,375, data/train/men/038815.jpg,1
376,376, data/train/men/038879.jpg,1
377,377, data/train/men/038892.jpg,1
378,378, data/train/men/038986.jpg,1
379,379, data/train/men/039102.jpg,1
380,380, data/train/men/039272.jpg,1
381,381, data/train/men/039316.jpg,1
382,382, data/train/men/039484.jpg,1
383,383, data/train/men/039505.jpg,1
384,384, data/train/men/039726.jpg,1
385,385, data/train/men/039776.jpg,1
386,386, data/train/men/040001.jpg,1
387,387, data/train/men/040092.jpg,1
388,388, data/train/men/040101.jpg,1
389,389, data/train/men/040204.jpg,1
390,390, data/train/men/040314.jpg,1
391,391, data/train/men/040386.jpg,1
392,392, data/train/men/040616.jpg,1
393,393, data/train/men/040644.jpg,1
394,394, data/train/men/040816.jpg,1
395,395, data/train/men/041457.jpg,1
396,396, data/train/men/041485.jpg,1
397,397, data/train/men/041659.jpg,1
398,398, data/train/men/041827.jpg,1
399,399, data/train/men/041838.jpg,1
400,400, data/train/men/041872.jpg,1
401,401, data/train/men/041905.jpg,1
402,402, data/train/men/042195.jpg,1
403,403, data/train/men/042205.jpg,1
404,404, data/train/men/042339.jpg,1
405,405, data/train/men/042407.jpg,1
406,406, data/train/men/042440.jpg,1
407,407, data/train/men/042521.jpg,1
408,408, data/train/men/042576.jpg,1
409,409, data/train/men/042631.jpg,1
410,410, data/train/men/042724.jpg,1
411,411, data/train/men/042770.jpg,1
412,412, data/train/men/042800.jpg,1
413,413, data/train/men/042873.jpg,1
414,414, data/train/men/043058.jpg,1
415,415, data/train/men/043105.jpg,1
416,416, data/train/men/043181.jpg,1
417,417, data/train/men/043186.jpg,1
418,418, data/train/men/043277.jpg,1
419,419, data/train/men/043329.jpg,1
420,420, data/train/men/043371.jpg,1
421,421, data/train/men/043418.jpg,1
422,422, data/train/men/043436.jpg,1
423,423, data/train/men/043447.jpg,1
424,424, data/train/men/043474.jpg,1
425,425, data/train/men/043556.jpg,1
426,426, data/train/men/043824.jpg,1
427,427, data/train/men/043898.jpg,1
428,428, data/train/men/044186.jpg,1
429,429, data/train/men/044252.jpg,1
430,430, data/train/men/044313.jpg,1
431,431, data/train/men/044425.jpg,1
432,432, data/train/men/044641.jpg,1
433,433, data/train/men/044699.jpg,1
434,434, data/train/men/044817.jpg,1
435,435, data/train/men/044916.jpg,1
436,436, data/train/men/044917.jpg,1
437,437, data/train/men/045021.jpg,1
438,438, data/train/men/045039.jpg,1
439,439, data/train/men/045076.jpg,1
440,440, data/train/men/045137.jpg,1
441,441, data/train/men/045464.jpg,1
442,442, data/train/men/045515.jpg,1
443,443, data/train/men/045680.jpg,1
444,444, data/train/men/045744.jpg,1
445,445, data/train/men/045758.jpg,1
446,446, data/train/men/045793.jpg,1
447,447, data/train/men/045852.jpg,1
448,448, data/train/men/045889.jpg,1
449,449, data/train/men/046096.jpg,1
450,450, data/train/men/046203.jpg,1
451,451, data/train/men/046243.jpg,1
452,452, data/train/men/046252.jpg,1
453,453, data/train/men/046295.jpg,1
454,454, data/train/men/046340.jpg,1
455,455, data/train/men/046685.jpg,1
456,456, data/train/men/046749.jpg,1
457,457, data/train/men/046892.jpg,1
458,458, data/train/men/046975.jpg,1
459,459, data/train/men/047130.jpg,1
460,460, data/train/men/047264.jpg,1
461,461, data/train/men/047448.jpg,1
462,462, data/train/men/047480.jpg,1
463,463, data/train/men/047785.jpg,1
464,464, data/train/men/047825.jpg,1
465,465, data/train/men/047874.jpg,1
466,466, data/train/men/047974.jpg,1
467,467, data/train/men/048165.jpg,1
468,468, data/train/men/048189.jpg,1
469,469, data/train/men/048392.jpg,1
470,470, data/train/men/048456.jpg,1
471,471, data/train/men/048486.jpg,1
472,472, data/train/men/048622.jpg,1
473,473, data/train/men/048804.jpg,1
474,474, data/train/men/048948.jpg,1
475,475, data/train/men/048950.jpg,1
476,476, data/train/men/049113.jpg,1
477,477, data/train/men/049296.jpg,1
478,478, data/train/men/049368.jpg,1
479,479, data/train/men/049892.jpg,1
480,480, data/train/men/049920.jpg,1
481,481, data/train/men/050040.jpg,1
482,482, data/train/men/050311.jpg,1
483,483, data/train/men/050404.jpg,1
484,484, data/train/men/050413.jpg,1
485,485, data/train/men/050699.jpg,1
486,486, data/train/men/050720.jpg,1
487,487, data/train/men/050760.jpg,1
488,488, data/train/men/050912.jpg,1
489,489, data/train/men/050962.jpg,1
490,490, data/train/men/050989.jpg,1
491,491, data/train/men/050995.jpg,1
492,492, data/train/men/051008.jpg,1
493,493, data/train/men/051016.jpg,1
494,494, data/train/men/051167.jpg,1
495,495, data/train/men/051228.jpg,1
496,496, data/train/men/051279.jpg,1
497,497, data/train/men/051478.jpg,1
498,498, data/train/men/051487.jpg,1
499,499, data/train/men/051525.jpg,1
500,500, data/train/men/051556.jpg,1
501,501, data/train/men/051564.jpg,1
502,502, data/train/men/051644.jpg,1
503,503, data/train/men/051945.jpg,1
504,504, data/train/men/051959.jpg,1
505,505, data/train/men/052006.jpg,1
506,506, data/train/men/052208.jpg,1
507,507, data/train/men/052400.jpg,1
508,508, data/train/men/052442.jpg,1
509,509, data/train/men/052465.jpg,1
510,510, data/train/men/052532.jpg,1
511,511, data/train/men/052534.jpg,1
512,512, data/train/men/052719.jpg,1
513,513, data/train/men/052760.jpg,1
514,514, data/train/men/052929.jpg,1
515,515, data/train/men/052950.jpg,1
516,516, data/train/men/053048.jpg,1
517,517, data/train/men/053171.jpg,1
518,518, data/train/men/053174.jpg,1
519,519, data/train/men/053257.jpg,1
520,520, data/train/men/053283.jpg,1
521,521, data/train/men/053286.jpg,1
522,522, data/train/men/053309.jpg,1
523,523, data/train/men/053346.jpg,1
524,524, data/train/men/053511.jpg,1
525,525, data/train/men/053543.jpg,1
526,526, data/train/men/053628.jpg,1
527,527, data/train/men/053713.jpg,1
528,528, data/train/men/053749.jpg,1
529,529, data/train/men/053794.jpg,1
530,530, data/train/men/053821.jpg,1
531,531, data/train/men/054246.jpg,1
532,532, data/train/men/054277.jpg,1
533,533, data/train/men/054322.jpg,1
534,534, data/train/men/054341.jpg,1
535,535, data/train/men/054566.jpg,1
536,536, data/train/men/054588.jpg,1
537,537, data/train/men/054714.jpg,1
538,538, data/train/men/055081.jpg,1
539,539, data/train/men/055159.jpg,1
540,540, data/train/men/055205.jpg,1
541,541, data/train/men/055246.jpg,1
542,542, data/train/men/055537.jpg,1
543,543, data/train/men/055570.jpg,1
544,544, data/train/men/055597.jpg,1
545,545, data/train/men/055803.jpg,1
546,546, data/train/men/055896.jpg,1
547,547, data/train/men/056203.jpg,1
548,548, data/train/men/056217.jpg,1
549,549, data/train/men/056254.jpg,1
550,550, data/train/men/056307.jpg,1
551,551, data/train/men/056703.jpg,1
552,552, data/train/men/056921.jpg,1
553,553, data/train/men/056978.jpg,1
554,554, data/train/men/057110.jpg,1
555,555, data/train/men/057177.jpg,1
556,556, data/train/men/057220.jpg,1
557,557, data/train/men/057228.jpg,1
558,558, data/train/men/057389.jpg,1
559,559, data/train/men/057554.jpg,1
560,560, data/train/men/057634.jpg,1
561,561, data/train/men/057663.jpg,1
562,562, data/train/men/057668.jpg,1
563,563, data/train/men/057710.jpg,1
564,564, data/train/men/057985.jpg,1
565,565, data/train/men/058104.jpg,1
566,566, data/train/men/058281.jpg,1
567,567, data/train/men/058455.jpg,1
568,568, data/train/men/058558.jpg,1
569,569, data/train/men/058611.jpg,1
570,570, data/train/men/058682.jpg,1
571,571, data/train/men/058861.jpg,1
572,572, data/train/men/058924.jpg,1
573,573, data/train/men/059029.jpg,1
574,574, data/train/men/059090.jpg,1
575,575, data/train/men/059192.jpg,1
576,576, data/train/men/059405.jpg,1
577,577, data/train/men/059427.jpg,1
578,578, data/train/men/059456.jpg,1
579,579, data/train/men/059545.jpg,1
580,580, data/train/men/059684.jpg,1
581,581, data/train/men/059832.jpg,1
582,582, data/train/men/059987.jpg,1
583,583, data/train/men/060072.jpg,1
584,584, data/train/men/060137.jpg,1
585,585, data/train/men/060197.jpg,1
586,586, data/train/men/060271.jpg,1
587,587, data/train/men/060413.jpg,1
588,588, data/train/men/060655.jpg,1
589,589, data/train/men/060671.jpg,1
590,590, data/train/men/060891.jpg,1
591,591, data/train/men/061066.jpg,1
592,592, data/train/men/061115.jpg,1
593,593, data/train/men/061189.jpg,1
594,594, data/train/men/061297.jpg,1
595,595, data/train/men/061334.jpg,1
596,596, data/train/men/061338.jpg,1
597,597, data/train/men/061388.jpg,1
598,598, data/train/men/061509.jpg,1
599,599, data/train/men/061659.jpg,1
600,600, data/train/men/061809.jpg,1
601,601, data/train/men/061837.jpg,1
602,602, data/train/men/061930.jpg,1
603,603, data/train/men/062098.jpg,1
604,604, data/train/men/062514.jpg,1
605,605, data/train/men/062536.jpg,1
606,606, data/train/men/062748.jpg,1
607,607, data/train/men/062774.jpg,1
608,608, data/train/men/062900.jpg,1
609,609, data/train/men/063074.jpg,1
610,610, data/train/men/063108.jpg,1
611,611, data/train/men/063143.jpg,1
612,612, data/train/men/063187.jpg,1
613,613, data/train/men/063195.jpg,1
614,614, data/train/men/063305.jpg,1
615,615, data/train/men/063372.jpg,1
616,616, data/train/men/063461.jpg,1
617,617, data/train/men/063531.jpg,1
618,618, data/train/men/063581.jpg,1
619,619, data/train/men/063738.jpg,1
620,620, data/train/men/063747.jpg,1
621,621, data/train/men/064203.jpg,1
622,622, data/train/men/064257.jpg,1
623,623, data/train/men/064260.jpg,1
624,624, data/train/men/064375.jpg,1
625,625, data/train/men/064379.jpg,1
626,626, data/train/men/064474.jpg,1
627,627, data/train/men/064538.jpg,1
628,628, data/train/men/064559.jpg,1
629,629, data/train/men/064921.jpg,1
630,630, data/train/men/065017.jpg,1
631,631, data/train/men/065049.jpg,1
632,632, data/train/men/065343.jpg,1
633,633, data/train/men/065497.jpg,1
634,634, data/train/men/065499.jpg,1
635,635, data/train/men/065546.jpg,1
636,636, data/train/men/065555.jpg,1
637,637, data/train/men/065824.jpg,1
638,638, data/train/men/065980.jpg,1
639,639, data/train/men/065981.jpg,1
640,640, data/train/men/066087.jpg,1
641,641, data/train/men/066185.jpg,1
642,642, data/train/men/066196.jpg,1
643,643, data/train/men/066252.jpg,1
644,644, data/train/men/066308.jpg,1
645,645, data/train/men/066444.jpg,1
646,646, data/train/men/066468.jpg,1
647,647, data/train/men/066479.jpg,1
648,648, data/train/men/066692.jpg,1
649,649, data/train/men/067064.jpg,1
650,650, data/train/men/067145.jpg,1
651,651, data/train/men/067207.jpg,1
652,652, data/train/men/067335.jpg,1
653,653, data/train/men/067751.jpg,1
654,654, data/train/men/067840.jpg,1
655,655, data/train/men/067903.jpg,1
656,656, data/train/men/067915.jpg,1
657,657, data/train/men/068100.jpg,1
658,658, data/train/men/068199.jpg,1
659,659, data/train/men/068526.jpg,1
660,660, data/train/men/068582.jpg,1
661,661, data/train/men/068602.jpg,1
662,662, data/train/men/068894.jpg,1
663,663, data/train/men/069121.jpg,1
664,664, data/train/men/069207.jpg,1
665,665, data/train/men/069223.jpg,1
666,666, data/train/men/069564.jpg,1
667,667, data/train/men/069664.jpg,1
668,668, data/train/men/069847.jpg,1
669,669, data/train/men/069851.jpg,1
670,670, data/train/men/069895.jpg,1
671,671, data/train/men/070028.jpg,1
672,672, data/train/men/070051.jpg,1
673,673, data/train/men/070114.jpg,1
674,674, data/train/men/070125.jpg,1
675,675, data/train/men/070143.jpg,1
676,676, data/train/men/070147.jpg,1
677,677, data/train/men/070296.jpg,1
678,678, data/train/men/070387.jpg,1
679,679, data/train/men/070503.jpg,1
680,680, data/train/men/070591.jpg,1
681,681, data/train/men/070640.jpg,1
682,682, data/train/men/070713.jpg,1
683,683, data/train/men/070766.jpg,1
684,684, data/train/men/070906.jpg,1
685,685, data/train/men/070929.jpg,1
686,686, data/train/men/071014.jpg,1
687,687, data/train/men/071240.jpg,1
688,688, data/train/men/071284.jpg,1
689,689, data/train/men/071427.jpg,1
690,690, data/train/men/071570.jpg,1
691,691, data/train/men/071618.jpg,1
692,692, data/train/men/071753.jpg,1
693,693, data/train/men/071944.jpg,1
694,694, data/train/men/071990.jpg,1
695,695, data/train/men/072631.jpg,1
696,696, data/train/men/072716.jpg,1
697,697, data/train/men/073183.jpg,1
698,698, data/train/men/073229.jpg,1
699,699, data/train/men/073301.jpg,1
700,700, data/train/men/073442.jpg,1
701,701, data/train/men/073474.jpg,1
702,702, data/train/men/073570.jpg,1
703,703, data/train/men/073584.jpg,1
704,704, data/train/men/073618.jpg,1
705,705, data/train/men/073886.jpg,1
706,706, data/train/men/073974.jpg,1
707,707, data/train/men/074040.jpg,1
708,708, data/train/men/074723.jpg,1
709,709, data/train/men/074772.jpg,1
710,710, data/train/men/074882.jpg,1
711,711, data/train/men/074917.jpg,1
712,712, data/train/men/074933.jpg,1
713,713, data/train/men/075082.jpg,1
714,714, data/train/men/075097.jpg,1
715,715, data/train/men/075167.jpg,1
716,716, data/train/men/075334.jpg,1
717,717, data/train/men/075579.jpg,1
718,718, data/train/men/075581.jpg,1
719,719, data/train/men/075662.jpg,1
720,720, data/train/men/075821.jpg,1
721,721, data/train/men/075946.jpg,1
722,722, data/train/men/076010.jpg,1
723,723, data/train/men/076159.jpg,1
724,724, data/train/men/076255.jpg,1
725,725, data/train/men/076431.jpg,1
726,726, data/train/men/076468.jpg,1
727,727, data/train/men/076494.jpg,1
728,728, data/train/men/076522.jpg,1
729,729, data/train/men/076626.jpg,1
730,730, data/train/men/076681.jpg,1
731,731, data/train/men/076689.jpg,1
732,732, data/train/men/076701.jpg,1
733,733, data/train/men/076784.jpg,1
734,734, data/train/men/076786.jpg,1
735,735, data/train/men/077053.jpg,1
736,736, data/train/men/077125.jpg,1
737,737, data/train/men/077223.jpg,1
738,738, data/train/men/077238.jpg,1
739,739, data/train/men/077291.jpg,1
740,740, data/train/men/077502.jpg,1
741,741, data/train/men/077657.jpg,1
742,742, data/train/men/077751.jpg,1
743,743, data/train/men/077833.jpg,1
744,744, data/train/men/077890.jpg,1
745,745, data/train/men/078004.jpg,1
746,746, data/train/men/078010.jpg,1
747,747, data/train/men/078016.jpg,1
748,748, data/train/men/078046.jpg,1
749,749, data/train/men/078141.jpg,1
750,750, data/train/men/078196.jpg,1
751,751, data/train/men/078297.jpg,1
752,752, data/train/men/078341.jpg,1
753,753, data/train/men/078365.jpg,1
754,754, data/train/men/078417.jpg,1
755,755, data/train/men/078607.jpg,1
756,756, data/train/men/078691.jpg,1
757,757, data/train/men/078815.jpg,1
758,758, data/train/men/079060.jpg,1
759,759, data/train/men/079148.jpg,1
760,760, data/train/men/079313.jpg,1
761,761, data/train/men/079422.jpg,1
762,762, data/train/men/079443.jpg,1
763,763, data/train/men/079461.jpg,1
764,764, data/train/men/079485.jpg,1
765,765, data/train/men/079551.jpg,1
766,766, data/train/men/079617.jpg,1
767,767, data/train/men/079680.jpg,1
768,768, data/train/men/079698.jpg,1
769,769, data/train/men/079859.jpg,1
770,770, data/train/men/079891.jpg,1
771,771, data/train/men/079992.jpg,1
772,772, data/train/men/080025.jpg,1
773,773, data/train/men/080071.jpg,1
774,774, data/train/men/080176.jpg,1
775,775, data/train/men/080196.jpg,1
776,776, data/train/men/080281.jpg,1
777,777, data/train/men/080357.jpg,1
778,778, data/train/men/080369.jpg,1
779,779, data/train/men/080417.jpg,1
780,780, data/train/men/080468.jpg,1
781,781, data/train/men/080544.jpg,1
782,782, data/train/men/080614.jpg,1
783,783, data/train/men/080672.jpg,1
784,784, data/train/men/080802.jpg,1
785,785, data/train/men/080810.jpg,1
786,786, data/train/men/081051.jpg,1
787,787, data/train/men/081061.jpg,1
788,788, data/train/men/081065.jpg,1
789,789, data/train/men/081112.jpg,1
790,790, data/train/men/081153.jpg,1
791,791, data/train/men/081255.jpg,1
792,792, data/train/men/081312.jpg,1
793,793, data/train/men/081314.jpg,1
794,794, data/train/men/081392.jpg,1
795,795, data/train/men/081602.jpg,1
796,796, data/train/men/081607.jpg,1
797,797, data/train/men/081869.jpg,1
798,798, data/train/men/081878.jpg,1
799,799, data/train/men/082230.jpg,1
800,800, data/train/men/082305.jpg,1
801,801, data/train/men/082321.jpg,1
802,802, data/train/men/082334.jpg,1
803,803, data/train/men/082452.jpg,1
804,804, data/train/men/082517.jpg,1
805,805, data/train/men/082583.jpg,1
806,806, data/train/men/082637.jpg,1
807,807, data/train/men/082716.jpg,1
808,808, data/train/men/083085.jpg,1
809,809, data/train/men/083159.jpg,1
810,810, data/train/men/083376.jpg,1
811,811, data/train/men/083472.jpg,1
812,812, data/train/men/083504.jpg,1
813,813, data/train/men/083610.jpg,1
814,814, data/train/men/083793.jpg,1
815,815, data/train/men/083939.jpg,1
816,816, data/train/men/083949.jpg,1
817,817, data/train/men/084282.jpg,1
818,818, data/train/men/084334.jpg,1
819,819, data/train/men/084434.jpg,1
820,820, data/train/men/084478.jpg,1
821,821, data/train/men/084761.jpg,1
822,822, data/train/men/084999.jpg,1
823,823, data/train/men/085037.jpg,1
824,824, data/train/men/085109.jpg,1
825,825, data/train/men/085325.jpg,1
826,826, data/train/men/085332.jpg,1
827,827, data/train/men/085890.jpg,1
828,828, data/train/men/086040.jpg,1
829,829, data/train/men/086102.jpg,1
830,830, data/train/men/086128.jpg,1
831,831, data/train/men/086365.jpg,1
832,832, data/train/men/086468.jpg,1
833,833, data/train/men/086479.jpg,1
834,834, data/train/men/086482.jpg,1
835,835, data/train/men/086519.jpg,1
836,836, data/train/men/086560.jpg,1
837,837, data/train/men/086565.jpg,1
838,838, data/train/men/086620.jpg,1
839,839, data/train/men/086748.jpg,1
840,840, data/train/men/086875.jpg,1
841,841, data/train/men/086933.jpg,1
842,842, data/train/men/087003.jpg,1
843,843, data/train/men/087008.jpg,1
844,844, data/train/men/087122.jpg,1
845,845, data/train/men/087163.jpg,1
846,846, data/train/men/087201.jpg,1
847,847, data/train/men/087232.jpg,1
848,848, data/train/men/087252.jpg,1
849,849, data/train/men/087357.jpg,1
850,850, data/train/men/087705.jpg,1
851,851, data/train/men/087727.jpg,1
852,852, data/train/men/087816.jpg,1
853,853, data/train/men/087914.jpg,1
854,854, data/train/men/088137.jpg,1
855,855, data/train/men/088148.jpg,1
856,856, data/train/men/088218.jpg,1
857,857, data/train/men/088493.jpg,1
858,858, data/train/men/088503.jpg,1
859,859, data/train/men/088520.jpg,1
860,860, data/train/men/088540.jpg,1
861,861, data/train/men/088608.jpg,1
862,862, data/train/men/088755.jpg,1
863,863, data/train/men/088938.jpg,1
864,864, data/train/men/088961.jpg,1
865,865, data/train/men/089006.jpg,1
866,866, data/train/men/089068.jpg,1
867,867, data/train/men/089105.jpg,1
868,868, data/train/men/089261.jpg,1
869,869, data/train/men/089308.jpg,1
870,870, data/train/men/089448.jpg,1
871,871, data/train/men/089592.jpg,1
872,872, data/train/men/089738.jpg,1
873,873, data/train/men/089760.jpg,1
874,874, data/train/men/089825.jpg,1
875,875, data/train/men/089957.jpg,1
876,876, data/train/men/090017.jpg,1
877,877, data/train/men/090241.jpg,1
878,878, data/train/men/090249.jpg,1
879,879, data/train/men/090378.jpg,1
880,880, data/train/men/090411.jpg,1
881,881, data/train/men/090561.jpg,1
882,882, data/train/men/090720.jpg,1
883,883, data/train/men/090745.jpg,1
884,884, data/train/men/090766.jpg,1
885,885, data/train/men/091206.jpg,1
886,886, data/train/men/091369.jpg,1
887,887, data/train/men/091395.jpg,1
888,888, data/train/men/091405.jpg,1
889,889, data/train/men/091426.jpg,1
890,890, data/train/men/091435.jpg,1
891,891, data/train/men/091448.jpg,1
892,892, data/train/men/091813.jpg,1
893,893, data/train/men/091844.jpg,1
894,894, data/train/men/091873.jpg,1
895,895, data/train/men/091908.jpg,1
896,896, data/train/men/092037.jpg,1
897,897, data/train/men/092094.jpg,1
898,898, data/train/men/092105.jpg,1
899,899, data/train/men/092194.jpg,1
900,900, data/train/men/092258.jpg,1
901,901, data/train/men/092283.jpg,1
902,902, data/train/men/092292.jpg,1
903,903, data/train/men/092727.jpg,1
904,904, data/train/men/092739.jpg,1
905,905, data/train/men/092744.jpg,1
906,906, data/train/men/092840.jpg,1
907,907, data/train/men/092958.jpg,1
908,908, data/train/men/092979.jpg,1
909,909, data/train/men/092998.jpg,1
910,910, data/train/men/093011.jpg,1
911,911, data/train/men/093018.jpg,1
912,912, data/train/men/093029.jpg,1
913,913, data/train/men/093276.jpg,1
914,914, data/train/men/093377.jpg,1
915,915, data/train/men/093413.jpg,1
916,916, data/train/men/093444.jpg,1
917,917, data/train/men/093466.jpg,1
918,918, data/train/men/093615.jpg,1
919,919, data/train/men/093645.jpg,1
920,920, data/train/men/093777.jpg,1
921,921, data/train/men/093947.jpg,1
922,922, data/train/men/094016.jpg,1
923,923, data/train/men/094231.jpg,1
924,924, data/train/men/094358.jpg,1
925,925, data/train/men/094425.jpg,1
926,926, data/train/men/094482.jpg,1
927,927, data/train/men/094568.jpg,1
928,928, data/train/men/094664.jpg,1
929,929, data/train/men/094676.jpg,1
930,930, data/train/men/094915.jpg,1
931,931, data/train/men/095064.jpg,1
932,932, data/train/men/095120.jpg,1
933,933, data/train/men/095322.jpg,1
934,934, data/train/men/095444.jpg,1
935,935, data/train/men/095546.jpg,1
936,936, data/train/men/095703.jpg,1
937,937, data/train/men/095725.jpg,1
938,938, data/train/men/095758.jpg,1
939,939, data/train/men/095772.jpg,1
940,940, data/train/men/095777.jpg,1
941,941, data/train/men/095808.jpg,1
942,942, data/train/men/095832.jpg,1
943,943, data/train/men/095855.jpg,1
944,944, data/train/men/096126.jpg,1
945,945, data/train/men/096274.jpg,1
946,946, data/train/men/096394.jpg,1
947,947, data/train/men/096405.jpg,1
948,948, data/train/men/096472.jpg,1
949,949, data/train/men/096582.jpg,1
950,950, data/train/men/096590.jpg,1
951,951, data/train/men/096738.jpg,1
952,952, data/train/men/096743.jpg,1
953,953, data/train/men/096769.jpg,1
954,954, data/train/men/096831.jpg,1
955,955, data/train/men/096924.jpg,1
956,956, data/train/men/097130.jpg,1
957,957, data/train/men/097342.jpg,1
958,958, data/train/men/097384.jpg,1
959,959, data/train/men/097388.jpg,1
960,960, data/train/men/097446.jpg,1
961,961, data/train/men/097587.jpg,1
962,962, data/train/men/097639.jpg,1
963,963, data/train/men/097657.jpg,1
964,964, data/train/men/097721.jpg,1
965,965, data/train/men/097765.jpg,1
966,966, data/train/men/097836.jpg,1
967,967, data/train/men/097856.jpg,1
968,968, data/train/men/097867.jpg,1
969,969, data/train/men/097941.jpg,1
970,970, data/train/men/098090.jpg,1
971,971, data/train/men/098093.jpg,1
972,972, data/train/men/098195.jpg,1
973,973, data/train/men/098227.jpg,1
974,974, data/train/men/098234.jpg,1
975,975, data/train/men/098549.jpg,1
976,976, data/train/men/098562.jpg,1
977,977, data/train/men/098757.jpg,1
978,978, data/train/men/098825.jpg,1
979,979, data/train/men/098857.jpg,1
980,980, data/train/men/098862.jpg,1
981,981, data/train/men/098951.jpg,1
982,982, data/train/men/099045.jpg,1
983,983, data/train/men/099106.jpg,1
984,984, data/train/men/099319.jpg,1
985,985, data/train/men/099373.jpg,1
986,986, data/train/men/099457.jpg,1
987,987, data/train/men/099548.jpg,1
988,988, data/train/men/099620.jpg,1
989,989, data/train/men/099637.jpg,1
990,990, data/train/men/099716.jpg,1
991,991, data/train/men/099758.jpg,1
992,992, data/train/men/099814.jpg,1
993,993, data/train/men/099822.jpg,1
994,994, data/train/men/099879.jpg,1
995,995, data/train/men/099921.jpg,1
996,996, data/train/men/099972.jpg,1
997,997, data/train/men/099990.jpg,1
998,998, data/train/men/099993.jpg,1
999,999, data/train/men/100118.jpg,1
1000,1000, data/train/men/100128.jpg,1
1001,1001, data/train/men/100419.jpg,1
1002,1002, data/train/men/100442.jpg,1
1003,1003, data/train/men/100476.jpg,1
1004,1004, data/train/men/100520.jpg,1
1005,1005, data/train/men/100693.jpg,1
1006,1006, data/train/men/100742.jpg,1
1007,1007, data/train/men/100810.jpg,1
1008,1008, data/train/men/100843.jpg,1
1009,1009, data/train/men/101207.jpg,1
1010,1010, data/train/men/101451.jpg,1
1011,1011, data/train/men/101458.jpg,1
1012,1012, data/train/men/101695.jpg,1
1013,1013, data/train/men/101867.jpg,1
1014,1014, data/train/men/102015.jpg,1
1015,1015, data/train/men/102105.jpg,1
1016,1016, data/train/men/102239.jpg,1
1017,1017, data/train/men/102337.jpg,1
1018,1018, data/train/men/102515.jpg,1
1019,1019, data/train/men/102523.jpg,1
1020,1020, data/train/men/102547.jpg,1
1021,1021, data/train/men/102615.jpg,1
1022,1022, data/train/men/102812.jpg,1
1023,1023, data/train/men/102846.jpg,1
1024,1024, data/train/men/102958.jpg,1
1025,1025, data/train/men/102991.jpg,1
1026,1026, data/train/men/103040.jpg,1
1027,1027, data/train/men/103137.jpg,1
1028,1028, data/train/men/103360.jpg,1
1029,1029, data/train/men/103732.jpg,1
1030,1030, data/train/men/103747.jpg,1
1031,1031, data/train/men/103769.jpg,1
1032,1032, data/train/men/103772.jpg,1
1033,1033, data/train/men/103787.jpg,1
1034,1034, data/train/men/103944.jpg,1
1035,1035, data/train/men/104013.jpg,1
1036,1036, data/train/men/104089.jpg,1
1037,1037, data/train/men/104131.jpg,1
1038,1038, data/train/men/104330.jpg,1
1039,1039, data/train/men/104368.jpg,1
1040,1040, data/train/men/104480.jpg,1
1041,1041, data/train/men/104530.jpg,1
1042,1042, data/train/men/104646.jpg,1
1043,1043, data/train/men/104811.jpg,1
1044,1044, data/train/men/104981.jpg,1
1045,1045, data/train/men/104997.jpg,1
1046,1046, data/train/men/105066.jpg,1
1047,1047, data/train/men/105191.jpg,1
1048,1048, data/train/men/105226.jpg,1
1049,1049, data/train/men/105357.jpg,1
1050,1050, data/train/men/105513.jpg,1
1051,1051, data/train/men/105823.jpg,1
1052,1052, data/train/men/105944.jpg,1
1053,1053, data/train/men/106043.jpg,1
1054,1054, data/train/men/106341.jpg,1
1055,1055, data/train/men/106457.jpg,1
1056,1056, data/train/men/106549.jpg,1
1057,1057, data/train/men/106786.jpg,1
1058,1058, data/train/men/106890.jpg,1
1059,1059, data/train/men/106900.jpg,1
1060,1060, data/train/men/107059.jpg,1
1061,1061, data/train/men/107301.jpg,1
1062,1062, data/train/men/107321.jpg,1
1063,1063, data/train/men/107375.jpg,1
1064,1064, data/train/men/107392.jpg,1
1065,1065, data/train/men/107409.jpg,1
1066,1066, data/train/men/107468.jpg,1
1067,1067, data/train/men/107646.jpg,1
1068,1068, data/train/men/107779.jpg,1
1069,1069, data/train/men/107796.jpg,1
1070,1070, data/train/men/108002.jpg,1
1071,1071, data/train/men/108086.jpg,1
1072,1072, data/train/men/108124.jpg,1
1073,1073, data/train/men/108212.jpg,1
1074,1074, data/train/men/108242.jpg,1
1075,1075, data/train/men/108416.jpg,1
1076,1076, data/train/men/108600.jpg,1
1077,1077, data/train/men/108733.jpg,1
1078,1078, data/train/men/109006.jpg,1
1079,1079, data/train/men/109025.jpg,1
1080,1080, data/train/men/109190.jpg,1
1081,1081, data/train/men/109271.jpg,1
1082,1082, data/train/men/109529.jpg,1
1083,1083, data/train/men/109551.jpg,1
1084,1084, data/train/men/109566.jpg,1
1085,1085, data/train/men/109593.jpg,1
1086,1086, data/train/men/109604.jpg,1
1087,1087, data/train/men/109760.jpg,1
1088,1088, data/train/men/109818.jpg,1
1089,1089, data/train/men/109917.jpg,1
1090,1090, data/train/men/109938.jpg,1
1091,1091, data/train/men/110021.jpg,1
1092,1092, data/train/men/110138.jpg,1
1093,1093, data/train/men/110229.jpg,1
1094,1094, data/train/men/110260.jpg,1
1095,1095, data/train/men/110297.jpg,1
1096,1096, data/train/men/110369.jpg,1
1097,1097, data/train/men/110448.jpg,1
1098,1098, data/train/men/110546.jpg,1
1099,1099, data/train/men/110691.jpg,1
1100,1100, data/train/men/110825.jpg,1
1101,1101, data/train/men/110866.jpg,1
1102,1102, data/train/men/110925.jpg,1
1103,1103, data/train/men/111060.jpg,1
1104,1104, data/train/men/111089.jpg,1
1105,1105, data/train/men/111103.jpg,1
1106,1106, data/train/men/111138.jpg,1
1107,1107, data/train/men/111233.jpg,1
1108,1108, data/train/men/111411.jpg,1
1109,1109, data/train/men/111516.jpg,1
1110,1110, data/train/men/111564.jpg,1
1111,1111, data/train/men/111750.jpg,1
1112,1112, data/train/men/111758.jpg,1
1113,1113, data/train/men/112232.jpg,1
1114,1114, data/train/men/112331.jpg,1
1115,1115, data/train/men/112438.jpg,1
1116,1116, data/train/men/112449.jpg,1
1117,1117, data/train/men/112483.jpg,1
1118,1118, data/train/men/112498.jpg,1
1119,1119, data/train/men/112566.jpg,1
1120,1120, data/train/men/112609.jpg,1
1121,1121, data/train/men/112795.jpg,1
1122,1122, data/train/men/112799.jpg,1
1123,1123, data/train/men/112850.jpg,1
1124,1124, data/train/men/112870.jpg,1
1125,1125, data/train/men/112879.jpg,1
1126,1126, data/train/men/112917.jpg,1
1127,1127, data/train/men/112980.jpg,1
1128,1128, data/train/men/112982.jpg,1
1129,1129, data/train/men/113040.jpg,1
1130,1130, data/train/men/113115.jpg,1
1131,1131, data/train/men/113307.jpg,1
1132,1132, data/train/men/113314.jpg,1
1133,1133, data/train/men/113374.jpg,1
1134,1134, data/train/men/113507.jpg,1
1135,1135, data/train/men/113524.jpg,1
1136,1136, data/train/men/113630.jpg,1
1137,1137, data/train/men/113640.jpg,1
1138,1138, data/train/men/113770.jpg,1
1139,1139, data/train/men/113841.jpg,1
1140,1140, data/train/men/113909.jpg,1
1141,1141, data/train/men/113964.jpg,1
1142,1142, data/train/men/114226.jpg,1
1143,1143, data/train/men/114239.jpg,1
1144,1144, data/train/men/114252.jpg,1
1145,1145, data/train/men/114266.jpg,1
1146,1146, data/train/men/114292.jpg,1
1147,1147, data/train/men/114304.jpg,1
1148,1148, data/train/men/114610.jpg,1
1149,1149, data/train/men/114920.jpg,1
1150,1150, data/train/men/115039.jpg,1
1151,1151, data/train/men/115051.jpg,1
1152,1152, data/train/men/115120.jpg,1
1153,1153, data/train/men/115152.jpg,1
1154,1154, data/train/men/115169.jpg,1
1155,1155, data/train/men/115201.jpg,1
1156,1156, data/train/men/115292.jpg,1
1157,1157, data/train/men/115531.jpg,1
1158,1158, data/train/men/116045.jpg,1
1159,1159, data/train/men/116052.jpg,1
1160,1160, data/train/men/116166.jpg,1
1161,1161, data/train/men/116259.jpg,1
1162,1162, data/train/men/116381.jpg,1
1163,1163, data/train/men/116512.jpg,1
1164,1164, data/train/men/116519.jpg,1
1165,1165, data/train/men/116531.jpg,1
1166,1166, data/train/men/116757.jpg,1
1167,1167, data/train/men/116812.jpg,1
1168,1168, data/train/men/116852.jpg,1
1169,1169, data/train/men/117106.jpg,1
1170,1170, data/train/men/117333.jpg,1
1171,1171, data/train/men/117616.jpg,1
1172,1172, data/train/men/117621.jpg,1
1173,1173, data/train/men/117666.jpg,1
1174,1174, data/train/men/117758.jpg,1
1175,1175, data/train/men/118112.jpg,1
1176,1176, data/train/men/118272.jpg,1
1177,1177, data/train/men/118345.jpg,1
1178,1178, data/train/men/118347.jpg,1
1179,1179, data/train/men/118641.jpg,1
1180,1180, data/train/men/118764.jpg,1
1181,1181, data/train/men/118775.jpg,1
1182,1182, data/train/men/118797.jpg,1
1183,1183, data/train/men/118830.jpg,1
1184,1184, data/train/men/119112.jpg,1
1185,1185, data/train/men/119175.jpg,1
1186,1186, data/train/men/119277.jpg,1
1187,1187, data/train/men/119413.jpg,1
1188,1188, data/train/men/119544.jpg,1
1189,1189, data/train/men/119545.jpg,1
1190,1190, data/train/men/119560.jpg,1
1191,1191, data/train/men/119746.jpg,1
1192,1192, data/train/men/119756.jpg,1
1193,1193, data/train/men/119766.jpg,1
1194,1194, data/train/men/119780.jpg,1
1195,1195, data/train/men/119963.jpg,1
1196,1196, data/train/men/119972.jpg,1
1197,1197, data/train/men/119977.jpg,1
1198,1198, data/train/men/120224.jpg,1
1199,1199, data/train/men/120237.jpg,1
1200,1200, data/train/men/120418.jpg,1
1201,1201, data/train/men/120716.jpg,1
1202,1202, data/train/men/120748.jpg,1
1203,1203, data/train/men/120802.jpg,1
1204,1204, data/train/men/120812.jpg,1
1205,1205, data/train/men/120938.jpg,1
1206,1206, data/train/men/121148.jpg,1
1207,1207, data/train/men/121273.jpg,1
1208,1208, data/train/men/121404.jpg,1
1209,1209, data/train/men/121582.jpg,1
1210,1210, data/train/men/121633.jpg,1
1211,1211, data/train/men/121885.jpg,1
1212,1212, data/train/men/121959.jpg,1
1213,1213, data/train/men/121982.jpg,1
1214,1214, data/train/men/122301.jpg,1
1215,1215, data/train/men/122346.jpg,1
1216,1216, data/train/men/122445.jpg,1
1217,1217, data/train/men/122710.jpg,1
1218,1218, data/train/men/122868.jpg,1
1219,1219, data/train/men/122875.jpg,1
1220,1220, data/train/men/123098.jpg,1
1221,1221, data/train/men/123121.jpg,1
1222,1222, data/train/men/123124.jpg,1
1223,1223, data/train/men/123253.jpg,1
1224,1224, data/train/men/123315.jpg,1
1225,1225, data/train/men/123474.jpg,1
1226,1226, data/train/men/123509.jpg,1
1227,1227, data/train/men/123610.jpg,1
1228,1228, data/train/men/123846.jpg,1
1229,1229, data/train/men/123859.jpg,1
1230,1230, data/train/men/123997.jpg,1
1231,1231, data/train/men/124308.jpg,1
1232,1232, data/train/men/124372.jpg,1
1233,1233, data/train/men/124486.jpg,1
1234,1234, data/train/men/124594.jpg,1
1235,1235, data/train/men/124704.jpg,1
1236,1236, data/train/men/124727.jpg,1
1237,1237, data/train/men/124789.jpg,1
1238,1238, data/train/men/124934.jpg,1
1239,1239, data/train/men/125010.jpg,1
1240,1240, data/train/men/125049.jpg,1
1241,1241, data/train/men/125073.jpg,1
1242,1242, data/train/men/125177.jpg,1
1243,1243, data/train/men/125204.jpg,1
1244,1244, data/train/men/125230.jpg,1
1245,1245, data/train/men/125316.jpg,1
1246,1246, data/train/men/125489.jpg,1
1247,1247, data/train/men/125564.jpg,1
1248,1248, data/train/men/125587.jpg,1
1249,1249, data/train/men/125650.jpg,1
1250,1250, data/train/men/125661.jpg,1
1251,1251, data/train/men/125966.jpg,1
1252,1252, data/train/men/125978.jpg,1
1253,1253, data/train/men/126003.jpg,1
1254,1254, data/train/men/126092.jpg,1
1255,1255, data/train/men/126154.jpg,1
1256,1256, data/train/men/126196.jpg,1
1257,1257, data/train/men/126356.jpg,1
1258,1258, data/train/men/126401.jpg,1
1259,1259, data/train/men/126495.jpg,1
1260,1260, data/train/men/126634.jpg,1
1261,1261, data/train/men/126814.jpg,1
1262,1262, data/train/men/126817.jpg,1
1263,1263, data/train/men/126864.jpg,1
1264,1264, data/train/men/127001.jpg,1
1265,1265, data/train/men/127088.jpg,1
1266,1266, data/train/men/127172.jpg,1
1267,1267, data/train/men/127187.jpg,1
1268,1268, data/train/men/127364.jpg,1
1269,1269, data/train/men/127406.jpg,1
1270,1270, data/train/men/127589.jpg,1
1271,1271, data/train/men/127637.jpg,1
1272,1272, data/train/men/127640.jpg,1
1273,1273, data/train/men/127650.jpg,1
1274,1274, data/train/men/127672.jpg,1
1275,1275, data/train/men/127794.jpg,1
1276,1276, data/train/men/127881.jpg,1
1277,1277, data/train/men/127973.jpg,1
1278,1278, data/train/men/128012.jpg,1
1279,1279, data/train/men/128019.jpg,1
1280,1280, data/train/men/128030.jpg,1
1281,1281, data/train/men/128343.jpg,1
1282,1282, data/train/men/128344.jpg,1
1283,1283, data/train/men/128368.jpg,1
1284,1284, data/train/men/128579.jpg,1
1285,1285, data/train/men/128734.jpg,1
1286,1286, data/train/men/128736.jpg,1
1287,1287, data/train/men/128743.jpg,1
1288,1288, data/train/men/128832.jpg,1
1289,1289, data/train/men/129034.jpg,1
1290,1290, data/train/men/129062.jpg,1
1291,1291, data/train/men/129089.jpg,1
1292,1292, data/train/men/129437.jpg,1
1293,1293, data/train/men/129492.jpg,1
1294,1294, data/train/men/129518.jpg,1
1295,1295, data/train/men/129526.jpg,1
1296,1296, data/train/men/129588.jpg,1
1297,1297, data/train/men/129939.jpg,1
1298,1298, data/train/men/130217.jpg,1
1299,1299, data/train/men/130242.jpg,1
1300,1300, data/train/men/130302.jpg,1
1301,1301, data/train/men/130368.jpg,1
1302,1302, data/train/men/130374.jpg,1
1303,1303, data/train/men/130397.jpg,1
1304,1304, data/train/men/130560.jpg,1
1305,1305, data/train/men/130600.jpg,1
1306,1306, data/train/men/130706.jpg,1
1307,1307, data/train/men/130738.jpg,1
1308,1308, data/train/men/131280.jpg,1
1309,1309, data/train/men/131327.jpg,1
1310,1310, data/train/men/131406.jpg,1
1311,1311, data/train/men/131500.jpg,1
1312,1312, data/train/men/131519.jpg,1
1313,1313, data/train/men/131567.jpg,1
1314,1314, data/train/men/131675.jpg,1
1315,1315, data/train/men/131722.jpg,1
1316,1316, data/train/men/131793.jpg,1
1317,1317, data/train/men/132012.jpg,1
1318,1318, data/train/men/132113.jpg,1
1319,1319, data/train/men/132275.jpg,1
1320,1320, data/train/men/132395.jpg,1
1321,1321, data/train/men/132468.jpg,1
1322,1322, data/train/men/132509.jpg,1
1323,1323, data/train/men/132552.jpg,1
1324,1324, data/train/men/132741.jpg,1
1325,1325, data/train/men/132773.jpg,1
1326,1326, data/train/men/132782.jpg,1
1327,1327, data/train/men/132814.jpg,1
1328,1328, data/train/men/132862.jpg,1
1329,1329, data/train/men/132921.jpg,1
1330,1330, data/train/men/133041.jpg,1
1331,1331, data/train/men/133150.jpg,1
1332,1332, data/train/men/133217.jpg,1
1333,1333, data/train/men/133325.jpg,1
1334,1334, data/train/men/133522.jpg,1
1335,1335, data/train/men/133684.jpg,1
1336,1336, data/train/men/133754.jpg,1
1337,1337, data/train/men/133768.jpg,1
1338,1338, data/train/men/133841.jpg,1
1339,1339, data/train/men/133860.jpg,1
1340,1340, data/train/men/133870.jpg,1
1341,1341, data/train/men/133965.jpg,1
1342,1342, data/train/men/134052.jpg,1
1343,1343, data/train/men/134060.jpg,1
1344,1344, data/train/men/134195.jpg,1
1345,1345, data/train/men/134343.jpg,1
1346,1346, data/train/men/134361.jpg,1
1347,1347, data/train/men/134404.jpg,1
1348,1348, data/train/men/134440.jpg,1
1349,1349, data/train/men/134491.jpg,1
1350,1350, data/train/men/134584.jpg,1
1351,1351, data/train/men/134596.jpg,1
1352,1352, data/train/men/134606.jpg,1
1353,1353, data/train/men/134648.jpg,1
1354,1354, data/train/men/134905.jpg,1
1355,1355, data/train/men/134978.jpg,1
1356,1356, data/train/men/135021.jpg,1
1357,1357, data/train/men/135044.jpg,1
1358,1358, data/train/men/135144.jpg,1
1359,1359, data/train/men/135203.jpg,1
1360,1360, data/train/men/135339.jpg,1
1361,1361, data/train/men/135539.jpg,1
1362,1362, data/train/men/135615.jpg,1
1363,1363, data/train/men/135792.jpg,1
1364,1364, data/train/men/136109.jpg,1
1365,1365, data/train/men/136191.jpg,1
1366,1366, data/train/men/136325.jpg,1
1367,1367, data/train/men/136382.jpg,1
1368,1368, data/train/men/136386.jpg,1
1369,1369, data/train/men/136662.jpg,1
1370,1370, data/train/men/136788.jpg,1
1371,1371, data/train/men/136984.jpg,1
1372,1372, data/train/men/137010.jpg,1
1373,1373, data/train/men/137088.jpg,1
1374,1374, data/train/men/137147.jpg,1
1375,1375, data/train/men/137395.jpg,1
1376,1376, data/train/men/137555.jpg,1
1377,1377, data/train/men/137602.jpg,1
1378,1378, data/train/men/137694.jpg,1
1379,1379, data/train/men/137706.jpg,1
1380,1380, data/train/men/137743.jpg,1
1381,1381, data/train/men/137814.jpg,1
1382,1382, data/train/men/137904.jpg,1
1383,1383, data/train/men/138138.jpg,1
1384,1384, data/train/men/138139.jpg,1
1385,1385, data/train/men/138456.jpg,1
1386,1386, data/train/men/138571.jpg,1
1387,1387, data/train/men/138626.jpg,1
1388,1388, data/train/men/138670.jpg,1
1389,1389, data/train/men/138706.jpg,1
1390,1390, data/train/men/138768.jpg,1
1391,1391, data/train/men/138923.jpg,1
1392,1392, data/train/men/139017.jpg,1
1393,1393, data/train/men/139036.jpg,1
1394,1394, data/train/men/139121.jpg,1
1395,1395, data/train/men/139239.jpg,1
1396,1396, data/train/men/139257.jpg,1
1397,1397, data/train/men/139454.jpg,1
1398,1398, data/train/men/139620.jpg,1
1399,1399, data/train/men/140003.jpg,1
1400,1400, data/train/men/140044.jpg,1
1401,1401, data/train/men/140188.jpg,1
1402,1402, data/train/men/140285.jpg,1
1403,1403, data/train/men/140527.jpg,1
1404,1404, data/train/men/140585.jpg,1
1405,1405, data/train/men/140589.jpg,1
1406,1406, data/train/men/140622.jpg,1
1407,1407, data/train/men/140689.jpg,1
1408,1408, data/train/men/140830.jpg,1
1409,1409, data/train/men/141017.jpg,1
1410,1410, data/train/men/141213.jpg,1
1411,1411, data/train/men/141241.jpg,1
1412,1412, data/train/men/141359.jpg,1
1413,1413, data/train/men/141475.jpg,1
1414,1414, data/train/men/141488.jpg,1
1415,1415, data/train/men/141557.jpg,1
1416,1416, data/train/men/141583.jpg,1
1417,1417, data/train/men/141657.jpg,1
1418,1418, data/train/men/141798.jpg,1
1419,1419, data/train/men/141955.jpg,1
1420,1420, data/train/men/142135.jpg,1
1421,1421, data/train/men/142216.jpg,1
1422,1422, data/train/men/142223.jpg,1
1423,1423, data/train/men/142306.jpg,1
1424,1424, data/train/men/142335.jpg,1
1425,1425, data/train/men/142344.jpg,1
1426,1426, data/train/men/142370.jpg,1
1427,1427, data/train/men/142392.jpg,1
1428,1428, data/train/men/142443.jpg,1
1429,1429, data/train/men/142457.jpg,1
1430,1430, data/train/men/142576.jpg,1
1431,1431, data/train/men/142795.jpg,1
1432,1432, data/train/men/142943.jpg,1
1433,1433, data/train/men/142979.jpg,1
1434,1434, data/train/men/143021.jpg,1
1435,1435, data/train/men/143435.jpg,1
1436,1436, data/train/men/143519.jpg,1
1437,1437, data/train/men/143534.jpg,1
1438,1438, data/train/men/143856.jpg,1
1439,1439, data/train/men/143892.jpg,1
1440,1440, data/train/men/144091.jpg,1
1441,1441, data/train/men/144102.jpg,1
1442,1442, data/train/men/144117.jpg,1
1443,1443, data/train/men/144397.jpg,1
1444,1444, data/train/men/144401.jpg,1
1445,1445, data/train/men/144739.jpg,1
1446,1446, data/train/men/144928.jpg,1
1447,1447, data/train/men/144961.jpg,1
1448,1448, data/train/men/145003.jpg,1
1449,1449, data/train/men/145168.jpg,1
1450,1450, data/train/men/145264.jpg,1
1451,1451, data/train/men/145677.jpg,1
1452,1452, data/train/men/145691.jpg,1
1453,1453, data/train/men/145842.jpg,1
1454,1454, data/train/men/145964.jpg,1
1455,1455, data/train/men/146100.jpg,1
1456,1456, data/train/men/146142.jpg,1
1457,1457, data/train/men/146283.jpg,1
1458,1458, data/train/men/146336.jpg,1
1459,1459, data/train/men/146422.jpg,1
1460,1460, data/train/men/146481.jpg,1
1461,1461, data/train/men/146622.jpg,1
1462,1462, data/train/men/146709.jpg,1
1463,1463, data/train/men/146790.jpg,1
1464,1464, data/train/men/146808.jpg,1
1465,1465, data/train/men/146851.jpg,1
1466,1466, data/train/men/146940.jpg,1
1467,1467, data/train/men/147039.jpg,1
1468,1468, data/train/men/147055.jpg,1
1469,1469, data/train/men/147096.jpg,1
1470,1470, data/train/men/147298.jpg,1
1471,1471, data/train/men/147374.jpg,1
1472,1472, data/train/men/147415.jpg,1
1473,1473, data/train/men/147490.jpg,1
1474,1474, data/train/men/147548.jpg,1
1475,1475, data/train/men/147629.jpg,1
1476,1476, data/train/men/147909.jpg,1
1477,1477, data/train/men/147949.jpg,1
1478,1478, data/train/men/148008.jpg,1
1479,1479, data/train/men/148182.jpg,1
1480,1480, data/train/men/148302.jpg,1
1481,1481, data/train/men/148792.jpg,1
1482,1482, data/train/men/148902.jpg,1
1483,1483, data/train/men/148971.jpg,1
1484,1484, data/train/men/149152.jpg,1
1485,1485, data/train/men/149416.jpg,1
1486,1486, data/train/men/149573.jpg,1
1487,1487, data/train/men/149588.jpg,1
1488,1488, data/train/men/149674.jpg,1
1489,1489, data/train/men/149818.jpg,1
1490,1490, data/train/men/149836.jpg,1
1491,1491, data/train/men/149936.jpg,1
1492,1492, data/train/men/150492.jpg,1
1493,1493, data/train/men/150616.jpg,1
1494,1494, data/train/men/150834.jpg,1
1495,1495, data/train/men/150885.jpg,1
1496,1496, data/train/men/150926.jpg,1
1497,1497, data/train/men/151283.jpg,1
1498,1498, data/train/men/151392.jpg,1
1499,1499, data/train/men/151410.jpg,1
1500,1500, data/train/men/151498.jpg,1
1501,1501, data/train/men/151544.jpg,1
1502,1502, data/train/men/151563.jpg,1
1503,1503, data/train/men/151643.jpg,1
1504,1504, data/train/men/151727.jpg,1
1505,1505, data/train/men/151729.jpg,1
1506,1506, data/train/men/151774.jpg,1
1507,1507, data/train/men/151942.jpg,1
1508,1508, data/train/men/152060.jpg,1
1509,1509, data/train/men/152161.jpg,1
1510,1510, data/train/men/152228.jpg,1
1511,1511, data/train/men/152310.jpg,1
1512,1512, data/train/men/152413.jpg,1
1513,1513, data/train/men/152486.jpg,1
1514,1514, data/train/men/152618.jpg,1
1515,1515, data/train/men/152776.jpg,1
1516,1516, data/train/men/152802.jpg,1
1517,1517, data/train/men/152846.jpg,1
1518,1518, data/train/men/152903.jpg,1
1519,1519, data/train/men/152944.jpg,1
1520,1520, data/train/men/152948.jpg,1
1521,1521, data/train/men/152994.jpg,1
1522,1522, data/train/men/153306.jpg,1
1523,1523, data/train/men/153382.jpg,1
1524,1524, data/train/men/153385.jpg,1
1525,1525, data/train/men/153404.jpg,1
1526,1526, data/train/men/153654.jpg,1
1527,1527, data/train/men/153656.jpg,1
1528,1528, data/train/men/153952.jpg,1
1529,1529, data/train/men/154358.jpg,1
1530,1530, data/train/men/154425.jpg,1
1531,1531, data/train/men/154641.jpg,1
1532,1532, data/train/men/154683.jpg,1
1533,1533, data/train/men/154697.jpg,1
1534,1534, data/train/men/154812.jpg,1
1535,1535, data/train/men/154818.jpg,1
1536,1536, data/train/men/154826.jpg,1
1537,1537, data/train/men/154995.jpg,1
1538,1538, data/train/men/155032.jpg,1
1539,1539, data/train/men/155150.jpg,1
1540,1540, data/train/men/155162.jpg,1
1541,1541, data/train/men/155284.jpg,1
1542,1542, data/train/men/155292.jpg,1
1543,1543, data/train/men/155344.jpg,1
1544,1544, data/train/men/155416.jpg,1
1545,1545, data/train/men/155426.jpg,1
1546,1546, data/train/men/155450.jpg,1
1547,1547, data/train/men/155707.jpg,1
1548,1548, data/train/men/155837.jpg,1
1549,1549, data/train/men/155842.jpg,1
1550,1550, data/train/men/155906.jpg,1
1551,1551, data/train/men/155931.jpg,1
1552,1552, data/train/men/155935.jpg,1
1553,1553, data/train/men/155988.jpg,1
1554,1554, data/train/men/156303.jpg,1
1555,1555, data/train/men/156460.jpg,1
1556,1556, data/train/men/156477.jpg,1
1557,1557, data/train/men/156560.jpg,1
1558,1558, data/train/men/156738.jpg,1
1559,1559, data/train/men/156813.jpg,1
1560,1560, data/train/men/156818.jpg,1
1561,1561, data/train/men/156830.jpg,1
1562,1562, data/train/men/156860.jpg,1
1563,1563, data/train/men/156908.jpg,1
1564,1564, data/train/men/156991.jpg,1
1565,1565, data/train/men/157060.jpg,1
1566,1566, data/train/men/157170.jpg,1
1567,1567, data/train/men/157214.jpg,1
1568,1568, data/train/men/157336.jpg,1
1569,1569, data/train/men/157379.jpg,1
1570,1570, data/train/men/157446.jpg,1
1571,1571, data/train/men/157668.jpg,1
1572,1572, data/train/men/157681.jpg,1
1573,1573, data/train/men/157769.jpg,1
1574,1574, data/train/men/157979.jpg,1
1575,1575, data/train/men/157992.jpg,1
1576,1576, data/train/men/158182.jpg,1
1577,1577, data/train/men/158209.jpg,1
1578,1578, data/train/men/158277.jpg,1
1579,1579, data/train/men/158315.jpg,1
1580,1580, data/train/men/158466.jpg,1
1581,1581, data/train/men/158490.jpg,1
1582,1582, data/train/men/158501.jpg,1
1583,1583, data/train/men/158682.jpg,1
1584,1584, data/train/men/158753.jpg,1
1585,1585, data/train/men/159016.jpg,1
1586,1586, data/train/men/159027.jpg,1
1587,1587, data/train/men/159085.jpg,1
1588,1588, data/train/men/159130.jpg,1
1589,1589, data/train/men/159282.jpg,1
1590,1590, data/train/men/159562.jpg,1
1591,1591, data/train/men/159691.jpg,1
1592,1592, data/train/men/159855.jpg,1
1593,1593, data/train/men/159895.jpg,1
1594,1594, data/train/men/159971.jpg,1
1595,1595, data/train/men/160112.jpg,1
1596,1596, data/train/men/160113.jpg,1
1597,1597, data/train/men/160431.jpg,1
1598,1598, data/train/men/160457.jpg,1
1599,1599, data/train/men/160717.jpg,1
1600,1600, data/train/men/160785.jpg,1
1601,1601, data/train/men/160794.jpg,1
1602,1602, data/train/men/160935.jpg,1
1603,1603, data/train/men/160949.jpg,1
1604,1604, data/train/men/161009.jpg,1
1605,1605, data/train/men/161012.jpg,1
1606,1606, data/train/men/161271.jpg,1
1607,1607, data/train/men/161291.jpg,1
1608,1608, data/train/men/161369.jpg,1
1609,1609, data/train/men/161430.jpg,1
1610,1610, data/train/men/161510.jpg,1
1611,1611, data/train/men/161586.jpg,1
1612,1612, data/train/men/161652.jpg,1
1613,1613, data/train/men/161788.jpg,1
1614,1614, data/train/men/161799.jpg,1
1615,1615, data/train/men/161849.jpg,1
1616,1616, data/train/men/161967.jpg,1
1617,1617, data/train/men/161985.jpg,1
1618,1618, data/train/men/162080.jpg,1
1619,1619, data/train/men/162083.jpg,1
1620,1620, data/train/men/162384.jpg,1
1621,1621, data/train/men/162533.jpg,1
1622,1622, data/train/men/162772.jpg,1
1623,1623, data/train/men/162778.jpg,1
1624,1624, data/train/men/162827.jpg,1
1625,1625, data/train/men/162834.jpg,1
1626,1626, data/train/men/162942.jpg,1
1627,1627, data/train/men/162947.jpg,1
1628,1628, data/train/men/163115.jpg,1
1629,1629, data/train/men/163146.jpg,1
1630,1630, data/train/men/163162.jpg,1
1631,1631, data/train/men/163310.jpg,1
1632,1632, data/train/men/163624.jpg,1
1633,1633, data/train/men/163676.jpg,1
1634,1634, data/train/men/163771.jpg,1
1635,1635, data/train/men/164027.jpg,1
1636,1636, data/train/men/164147.jpg,1
1637,1637, data/train/men/164220.jpg,1
1638,1638, data/train/men/164260.jpg,1
1639,1639, data/train/men/164570.jpg,1
1640,1640, data/train/men/164607.jpg,1
1641,1641, data/train/men/164662.jpg,1
1642,1642, data/train/men/164730.jpg,1
1643,1643, data/train/men/164834.jpg,1
1644,1644, data/train/men/164986.jpg,1
1645,1645, data/train/men/165019.jpg,1
1646,1646, data/train/men/165020.jpg,1
1647,1647, data/train/men/165035.jpg,1
1648,1648, data/train/men/165276.jpg,1
1649,1649, data/train/men/165351.jpg,1
1650,1650, data/train/men/165358.jpg,1
1651,1651, data/train/men/165386.jpg,1
1652,1652, data/train/men/165411.jpg,1
1653,1653, data/train/men/165447.jpg,1
1654,1654, data/train/men/165472.jpg,1
1655,1655, data/train/men/165557.jpg,1
1656,1656, data/train/men/165578.jpg,1
1657,1657, data/train/men/165581.jpg,1
1658,1658, data/train/men/165606.jpg,1
1659,1659, data/train/men/165682.jpg,1
1660,1660, data/train/men/165715.jpg,1
1661,1661, data/train/men/165912.jpg,1
1662,1662, data/train/men/165960.jpg,1
1663,1663, data/train/men/166007.jpg,1
1664,1664, data/train/men/166036.jpg,1
1665,1665, data/train/men/166182.jpg,1
1666,1666, data/train/men/166332.jpg,1
1667,1667, data/train/men/166405.jpg,1
1668,1668, data/train/men/166558.jpg,1
1669,1669, data/train/men/166563.jpg,1
1670,1670, data/train/men/166646.jpg,1
1671,1671, data/train/men/166671.jpg,1
1672,1672, data/train/men/166706.jpg,1
1673,1673, data/train/men/166828.jpg,1
1674,1674, data/train/men/166966.jpg,1
1675,1675, data/train/men/166976.jpg,1
1676,1676, data/train/men/166982.jpg,1
1677,1677, data/train/men/167142.jpg,1
1678,1678, data/train/men/167171.jpg,1
1679,1679, data/train/men/167210.jpg,1
1680,1680, data/train/men/167257.jpg,1
1681,1681, data/train/men/167493.jpg,1
1682,1682, data/train/men/167559.jpg,1
1683,1683, data/train/men/167672.jpg,1
1684,1684, data/train/men/167677.jpg,1
1685,1685, data/train/men/167809.jpg,1
1686,1686, data/train/men/167826.jpg,1
1687,1687, data/train/men/167923.jpg,1
1688,1688, data/train/men/167987.jpg,1
1689,1689, data/train/men/168066.jpg,1
1690,1690, data/train/men/168092.jpg,1
1691,1691, data/train/men/168132.jpg,1
1692,1692, data/train/men/168220.jpg,1
1693,1693, data/train/men/168222.jpg,1
1694,1694, data/train/men/168275.jpg,1
1695,1695, data/train/men/168329.jpg,1
1696,1696, data/train/men/168430.jpg,1
1697,1697, data/train/men/168444.jpg,1
1698,1698, data/train/men/168513.jpg,1
1699,1699, data/train/men/168572.jpg,1
1700,1700, data/train/men/168817.jpg,1
1701,1701, data/train/men/168954.jpg,1
1702,1702, data/train/men/168963.jpg,1
1703,1703, data/train/men/169340.jpg,1
1704,1704, data/train/men/169443.jpg,1
1705,1705, data/train/men/169729.jpg,1
1706,1706, data/train/men/169976.jpg,1
1707,1707, data/train/men/170018.jpg,1
1708,1708, data/train/men/170108.jpg,1
1709,1709, data/train/men/170121.jpg,1
1710,1710, data/train/men/170146.jpg,1
1711,1711, data/train/men/170429.jpg,1
1712,1712, data/train/men/170491.jpg,1
1713,1713, data/train/men/170527.jpg,1
1714,1714, data/train/men/170837.jpg,1
1715,1715, data/train/men/171047.jpg,1
1716,1716, data/train/men/171151.jpg,1
1717,1717, data/train/men/171188.jpg,1
1718,1718, data/train/men/171206.jpg,1
1719,1719, data/train/men/171451.jpg,1
1720,1720, data/train/men/171482.jpg,1
1721,1721, data/train/men/171560.jpg,1
1722,1722, data/train/men/171562.jpg,1
1723,1723, data/train/men/171667.jpg,1
1724,1724, data/train/men/171687.jpg,1
1725,1725, data/train/men/171846.jpg,1
1726,1726, data/train/men/171979.jpg,1
1727,1727, data/train/men/172045.jpg,1
1728,1728, data/train/men/172079.jpg,1
1729,1729, data/train/men/172151.jpg,1
1730,1730, data/train/men/172362.jpg,1
1731,1731, data/train/men/172663.jpg,1
1732,1732, data/train/men/172718.jpg,1
1733,1733, data/train/men/172742.jpg,1
1734,1734, data/train/men/172917.jpg,1
1735,1735, data/train/men/173009.jpg,1
1736,1736, data/train/men/173129.jpg,1
1737,1737, data/train/men/173519.jpg,1
1738,1738, data/train/men/173574.jpg,1
1739,1739, data/train/men/173599.jpg,1
1740,1740, data/train/men/173659.jpg,1
1741,1741, data/train/men/173670.jpg,1
1742,1742, data/train/men/173737.jpg,1
1743,1743, data/train/men/173916.jpg,1
1744,1744, data/train/men/174108.jpg,1
1745,1745, data/train/men/174139.jpg,1
1746,1746, data/train/men/174149.jpg,1
1747,1747, data/train/men/174227.jpg,1
1748,1748, data/train/men/174451.jpg,1
1749,1749, data/train/men/174699.jpg,1
1750,1750, data/train/men/174842.jpg,1
1751,1751, data/train/men/175102.jpg,1
1752,1752, data/train/men/175233.jpg,1
1753,1753, data/train/men/175278.jpg,1
1754,1754, data/train/men/175387.jpg,1
1755,1755, data/train/men/175748.jpg,1
1756,1756, data/train/men/175778.jpg,1
1757,1757, data/train/men/175891.jpg,1
1758,1758, data/train/men/175913.jpg,1
1759,1759, data/train/men/176118.jpg,1
1760,1760, data/train/men/176361.jpg,1
1761,1761, data/train/men/176411.jpg,1
1762,1762, data/train/men/176500.jpg,1
1763,1763, data/train/men/176622.jpg,1
1764,1764, data/train/men/176735.jpg,1
1765,1765, data/train/men/176825.jpg,1
1766,1766, data/train/men/176909.jpg,1
1767,1767, data/train/men/176928.jpg,1
1768,1768, data/train/men/177066.jpg,1
1769,1769, data/train/men/177205.jpg,1
1770,1770, data/train/men/177252.jpg,1
1771,1771, data/train/men/177360.jpg,1
1772,1772, data/train/men/177459.jpg,1
1773,1773, data/train/men/177534.jpg,1
1774,1774, data/train/men/177544.jpg,1
1775,1775, data/train/men/177619.jpg,1
1776,1776, data/train/men/177643.jpg,1
1777,1777, data/train/men/177669.jpg,1
1778,1778, data/train/men/177727.jpg,1
1779,1779, data/train/men/177892.jpg,1
1780,1780, data/train/men/178096.jpg,1
1781,1781, data/train/men/178099.jpg,1
1782,1782, data/train/men/178268.jpg,1
1783,1783, data/train/men/178476.jpg,1
1784,1784, data/train/men/178763.jpg,1
1785,1785, data/train/men/178876.jpg,1
1786,1786, data/train/men/178942.jpg,1
1787,1787, data/train/men/179170.jpg,1
1788,1788, data/train/men/179228.jpg,1
1789,1789, data/train/men/179478.jpg,1
1790,1790, data/train/men/179972.jpg,1
1791,1791, data/train/men/180197.jpg,1
1792,1792, data/train/men/180502.jpg,1
1793,1793, data/train/men/180627.jpg,1
1794,1794, data/train/men/180822.jpg,1
1795,1795, data/train/men/180839.jpg,1
1796,1796, data/train/men/180875.jpg,1
1797,1797, data/train/men/181004.jpg,1
1798,1798, data/train/men/181016.jpg,1
1799,1799, data/train/men/181095.jpg,1
1800,1800, data/train/men/181200.jpg,1
1801,1801, data/train/men/181349.jpg,1
1802,1802, data/train/men/181418.jpg,1
1803,1803, data/train/men/181434.jpg,1
1804,1804, data/train/men/181592.jpg,1
1805,1805, data/train/men/181596.jpg,1
1806,1806, data/train/men/181597.jpg,1
1807,1807, data/train/men/181729.jpg,1
1808,1808, data/train/men/181795.jpg,1
1809,1809, data/train/men/181827.jpg,1
1810,1810, data/train/men/181837.jpg,1
1811,1811, data/train/men/181921.jpg,1
1812,1812, data/train/men/182001.jpg,1
1813,1813, data/train/men/182058.jpg,1
1814,1814, data/train/men/182170.jpg,1
1815,1815, data/train/men/182220.jpg,1
1816,1816, data/train/men/182324.jpg,1
1817,1817, data/train/men/182653.jpg,1
1818,1818, data/train/men/182786.jpg,1
1819,1819, data/train/men/182811.jpg,1
1820,1820, data/train/men/183291.jpg,1
1821,1821, data/train/men/183605.jpg,1
1822,1822, data/train/men/183824.jpg,1
1823,1823, data/train/men/183999.jpg,1
1824,1824, data/train/men/184136.jpg,1
1825,1825, data/train/men/184308.jpg,1
1826,1826, data/train/men/184486.jpg,1
1827,1827, data/train/men/184503.jpg,1
1828,1828, data/train/men/184512.jpg,1
1829,1829, data/train/men/184539.jpg,1
1830,1830, data/train/men/184947.jpg,1
1831,1831, data/train/men/185034.jpg,1
1832,1832, data/train/men/185063.jpg,1
1833,1833, data/train/men/185203.jpg,1
1834,1834, data/train/men/185219.jpg,1
1835,1835, data/train/men/185354.jpg,1
1836,1836, data/train/men/185399.jpg,1
1837,1837, data/train/men/185477.jpg,1
1838,1838, data/train/men/185594.jpg,1
1839,1839, data/train/men/185815.jpg,1
1840,1840, data/train/men/186042.jpg,1
1841,1841, data/train/men/186090.jpg,1
1842,1842, data/train/men/186204.jpg,1
1843,1843, data/train/men/186250.jpg,1
1844,1844, data/train/men/186284.jpg,1
1845,1845, data/train/men/186366.jpg,1
1846,1846, data/train/men/186378.jpg,1
1847,1847, data/train/men/186400.jpg,1
1848,1848, data/train/men/186523.jpg,1
1849,1849, data/train/men/186602.jpg,1
1850,1850, data/train/men/186678.jpg,1
1851,1851, data/train/men/187188.jpg,1
1852,1852, data/train/men/187252.jpg,1
1853,1853, data/train/men/187323.jpg,1
1854,1854, data/train/men/187399.jpg,1
1855,1855, data/train/men/187415.jpg,1
1856,1856, data/train/men/187542.jpg,1
1857,1857, data/train/men/187589.jpg,1
1858,1858, data/train/men/187601.jpg,1
1859,1859, data/train/men/187729.jpg,1
1860,1860, data/train/men/187736.jpg,1
1861,1861, data/train/men/187748.jpg,1
1862,1862, data/train/men/187774.jpg,1
1863,1863, data/train/men/187850.jpg,1
1864,1864, data/train/men/187926.jpg,1
1865,1865, data/train/men/188136.jpg,1
1866,1866, data/train/men/188218.jpg,1
1867,1867, data/train/men/188297.jpg,1
1868,1868, data/train/men/188613.jpg,1
1869,1869, data/train/men/188735.jpg,1
1870,1870, data/train/men/189010.jpg,1
1871,1871, data/train/men/189165.jpg,1
1872,1872, data/train/men/189236.jpg,1
1873,1873, data/train/men/189419.jpg,1
1874,1874, data/train/men/189424.jpg,1
1875,1875, data/train/men/189564.jpg,1
1876,1876, data/train/men/189616.jpg,1
1877,1877, data/train/men/189635.jpg,1
1878,1878, data/train/men/189705.jpg,1
1879,1879, data/train/men/189787.jpg,1
1880,1880, data/train/men/189872.jpg,1
1881,1881, data/train/men/189988.jpg,1
1882,1882, data/train/men/190178.jpg,1
1883,1883, data/train/men/190297.jpg,1
1884,1884, data/train/men/190314.jpg,1
1885,1885, data/train/men/190544.jpg,1
1886,1886, data/train/men/190687.jpg,1
1887,1887, data/train/men/190713.jpg,1
1888,1888, data/train/men/190730.jpg,1
1889,1889, data/train/men/190826.jpg,1
1890,1890, data/train/men/190902.jpg,1
1891,1891, data/train/men/190957.jpg,1
1892,1892, data/train/men/191139.jpg,1
1893,1893, data/train/men/191277.jpg,1
1894,1894, data/train/men/191291.jpg,1
1895,1895, data/train/men/191326.jpg,1
1896,1896, data/train/men/191378.jpg,1
1897,1897, data/train/men/191743.jpg,1
1898,1898, data/train/men/191759.jpg,1
1899,1899, data/train/men/191911.jpg,1
1900,1900, data/train/men/192058.jpg,1
1901,1901, data/train/men/192217.jpg,1
1902,1902, data/train/men/192433.jpg,1
1903,1903, data/train/men/192448.jpg,1
1904,1904, data/train/men/192504.jpg,1
1905,1905, data/train/men/192832.jpg,1
1906,1906, data/train/men/192974.jpg,1
1907,1907, data/train/men/193088.jpg,1
1908,1908, data/train/men/193318.jpg,1
1909,1909, data/train/men/193334.jpg,1
1910,1910, data/train/men/193373.jpg,1
1911,1911, data/train/men/193384.jpg,1
1912,1912, data/train/men/193449.jpg,1
1913,1913, data/train/men/193520.jpg,1
1914,1914, data/train/men/193551.jpg,1
1915,1915, data/train/men/193796.jpg,1
1916,1916, data/train/men/193860.jpg,1
1917,1917, data/train/men/194004.jpg,1
1918,1918, data/train/men/194060.jpg,1
1919,1919, data/train/men/194162.jpg,1
1920,1920, data/train/men/194165.jpg,1
1921,1921, data/train/men/194251.jpg,1
1922,1922, data/train/men/194327.jpg,1
1923,1923, data/train/men/194418.jpg,1
1924,1924, data/train/men/194453.jpg,1
1925,1925, data/train/men/194611.jpg,1
1926,1926, data/train/men/194624.jpg,1
1927,1927, data/train/men/194729.jpg,1
1928,1928, data/train/men/194740.jpg,1
1929,1929, data/train/men/195042.jpg,1
1930,1930, data/train/men/195317.jpg,1
1931,1931, data/train/men/195367.jpg,1
1932,1932, data/train/men/195470.jpg,1
1933,1933, data/train/men/195633.jpg,1
1934,1934, data/train/men/195799.jpg,1
1935,1935, data/train/men/195873.jpg,1
1936,1936, data/train/men/196019.jpg,1
1937,1937, data/train/men/196023.jpg,1
1938,1938, data/train/men/196147.jpg,1
1939,1939, data/train/men/196172.jpg,1
1940,1940, data/train/men/196347.jpg,1
1941,1941, data/train/men/196458.jpg,1
1942,1942, data/train/men/196465.jpg,1
1943,1943, data/train/men/196627.jpg,1
1944,1944, data/train/men/196795.jpg,1
1945,1945, data/train/men/196801.jpg,1
1946,1946, data/train/men/196893.jpg,1
1947,1947, data/train/men/196946.jpg,1
1948,1948, data/train/men/197037.jpg,1
1949,1949, data/train/men/197095.jpg,1
1950,1950, data/train/men/197448.jpg,1
1951,1951, data/train/men/197452.jpg,1
1952,1952, data/train/men/197570.jpg,1
1953,1953, data/train/men/197695.jpg,1
1954,1954, data/train/men/197904.jpg,1
1955,1955, data/train/men/198176.jpg,1
1956,1956, data/train/men/198214.jpg,1
1957,1957, data/train/men/198358.jpg,1
1958,1958, data/train/men/198569.jpg,1
1959,1959, data/train/men/198756.jpg,1
1960,1960, data/train/men/198954.jpg,1
1961,1961, data/train/men/198958.jpg,1
1962,1962, data/train/men/198959.jpg,1
1963,1963, data/train/men/199006.jpg,1
1964,1964, data/train/men/199182.jpg,1
1965,1965, data/train/men/199246.jpg,1
1966,1966, data/train/men/199322.jpg,1
1967,1967, data/train/men/199334.jpg,1
1968,1968, data/train/men/199361.jpg,1
1969,1969, data/train/men/199368.jpg,1
1970,1970, data/train/men/199928.jpg,1
1971,1971, data/train/men/199963.jpg,1
1972,1972, data/train/men/200085.jpg,1
1973,1973, data/train/men/200244.jpg,1
1974,1974, data/train/men/200308.jpg,1
1975,1975, data/train/men/200395.jpg,1
1976,1976, data/train/men/200467.jpg,1
1977,1977, data/train/men/200555.jpg,1
1978,1978, data/train/men/200580.jpg,1
1979,1979, data/train/men/200591.jpg,1
1980,1980, data/train/men/200605.jpg,1
1981,1981, data/train/men/200875.jpg,1
1982,1982, data/train/men/200969.jpg,1
1983,1983, data/train/men/201040.jpg,1
1984,1984, data/train/men/201108.jpg,1
1985,1985, data/train/men/201193.jpg,1
1986,1986, data/train/men/201269.jpg,1
1987,1987, data/train/men/201456.jpg,1
1988,1988, data/train/men/201506.jpg,1
1989,1989, data/train/men/201575.jpg,1
1990,1990, data/train/men/201604.jpg,1
1991,1991, data/train/men/201719.jpg,1
1992,1992, data/train/men/201756.jpg,1
1993,1993, data/train/men/201863.jpg,1
1994,1994, data/train/men/201877.jpg,1
1995,1995, data/train/men/201886.jpg,1
1996,1996, data/train/men/202039.jpg,1
1997,1997, data/train/men/202126.jpg,1
1998,1998, data/train/men/202310.jpg,1
1999,1999, data/train/men/202400.jpg,1
