,Images,Gender
0, data/train/women/000085.jpg,0
1, data/train/women/000156.jpg,0
2, data/train/women/000231.jpg,0
3, data/train/women/000232.jpg,0
4, data/train/women/000334.jpg,0
5, data/train/women/000494.jpg,0
6, data/train/women/000610.jpg,0
7, data/train/women/000716.jpg,0
8, data/train/women/000891.jpg,0
9, data/train/women/000952.jpg,0
10, data/train/women/001034.jpg,0
11, data/train/women/001073.jpg,0
12, data/train/women/001118.jpg,0
13, data/train/women/001125.jpg,0
14, data/train/women/001156.jpg,0
15, data/train/women/001238.jpg,0
16, data/train/women/001392.jpg,0
17, data/train/women/001484.jpg,0
18, data/train/women/001525.jpg,0
19, data/train/women/001644.jpg,0
20, data/train/women/001650.jpg,0
21, data/train/women/001691.jpg,0
22, data/train/women/001769.jpg,0
23, data/train/women/001928.jpg,0
24, data/train/women/002005.jpg,0
25, data/train/women/002073.jpg,0
26, data/train/women/002397.jpg,0
27, data/train/women/002619.jpg,0
28, data/train/women/002742.jpg,0
29, data/train/women/002832.jpg,0
30, data/train/women/002836.jpg,0
31, data/train/women/002915.jpg,0
32, data/train/women/003184.jpg,0
33, data/train/women/003187.jpg,0
34, data/train/women/003327.jpg,0
35, data/train/women/003397.jpg,0
36, data/train/women/003494.jpg,0
37, data/train/women/003498.jpg,0
38, data/train/women/003935.jpg,0
39, data/train/women/003971.jpg,0
40, data/train/women/004076.jpg,0
41, data/train/women/004100.jpg,0
42, data/train/women/004194.jpg,0
43, data/train/women/004204.jpg,0
44, data/train/women/004346.jpg,0
45, data/train/women/004404.jpg,0
46, data/train/women/004500.jpg,0
47, data/train/women/004557.jpg,0
48, data/train/women/004602.jpg,0
49, data/train/women/004633.jpg,0
50, data/train/women/004825.jpg,0
51, data/train/women/004890.jpg,0
52, data/train/women/004946.jpg,0
53, data/train/women/005093.jpg,0
54, data/train/women/005202.jpg,0
55, data/train/women/005248.jpg,0
56, data/train/women/005327.jpg,0
57, data/train/women/005369.jpg,0
58, data/train/women/005506.jpg,0
59, data/train/women/005686.jpg,0
60, data/train/women/006059.jpg,0
61, data/train/women/006243.jpg,0
62, data/train/women/006316.jpg,0
63, data/train/women/006434.jpg,0
64, data/train/women/006488.jpg,0
65, data/train/women/006538.jpg,0
66, data/train/women/006619.jpg,0
67, data/train/women/006749.jpg,0
68, data/train/women/006833.jpg,0
69, data/train/women/006953.jpg,0
70, data/train/women/007167.jpg,0
71, data/train/women/007295.jpg,0
72, data/train/women/007407.jpg,0
73, data/train/women/007510.jpg,0
74, data/train/women/007627.jpg,0
75, data/train/women/007801.jpg,0
76, data/train/women/007859.jpg,0
77, data/train/women/007898.jpg,0
78, data/train/women/007913.jpg,0
79, data/train/women/007989.jpg,0
80, data/train/women/008310.jpg,0
81, data/train/women/008320.jpg,0
82, data/train/women/008476.jpg,0
83, data/train/women/008596.jpg,0
84, data/train/women/008741.jpg,0
85, data/train/women/008832.jpg,0
86, data/train/women/008950.jpg,0
87, data/train/women/008961.jpg,0
88, data/train/women/009007.jpg,0
89, data/train/women/009021.jpg,0
90, data/train/women/009339.jpg,0
91, data/train/women/009509.jpg,0
92, data/train/women/009572.jpg,0
93, data/train/women/009587.jpg,0
94, data/train/women/009602.jpg,0
95, data/train/women/009629.jpg,0
96, data/train/women/009866.jpg,0
97, data/train/women/009869.jpg,0
98, data/train/women/009926.jpg,0
99, data/train/women/009936.jpg,0
100, data/train/women/009984.jpg,0
101, data/train/women/010295.jpg,0
102, data/train/women/010365.jpg,0
103, data/train/women/010440.jpg,0
104, data/train/women/010554.jpg,0
105, data/train/women/010621.jpg,0
106, data/train/women/010668.jpg,0
107, data/train/women/010683.jpg,0
108, data/train/women/010711.jpg,0
109, data/train/women/010768.jpg,0
110, data/train/women/010928.jpg,0
111, data/train/women/010960.jpg,0
112, data/train/women/010990.jpg,0
113, data/train/women/011031.jpg,0
114, data/train/women/011040.jpg,0
115, data/train/women/011062.jpg,0
116, data/train/women/011075.jpg,0
117, data/train/women/011139.jpg,0
118, data/train/women/011247.jpg,0
119, data/train/women/011328.jpg,0
120, data/train/women/011395.jpg,0
121, data/train/women/011612.jpg,0
122, data/train/women/011691.jpg,0
123, data/train/women/011692.jpg,0
124, data/train/women/011699.jpg,0
125, data/train/women/011784.jpg,0
126, data/train/women/011839.jpg,0
127, data/train/women/012058.jpg,0
128, data/train/women/012069.jpg,0
129, data/train/women/012076.jpg,0
130, data/train/women/012231.jpg,0
131, data/train/women/012339.jpg,0
132, data/train/women/012373.jpg,0
133, data/train/women/012422.jpg,0
134, data/train/women/012426.jpg,0
135, data/train/women/012511.jpg,0
136, data/train/women/012683.jpg,0
137, data/train/women/012953.jpg,0
138, data/train/women/012982.jpg,0
139, data/train/women/013002.jpg,0
140, data/train/women/013041.jpg,0
141, data/train/women/013075.jpg,0
142, data/train/women/013229.jpg,0
143, data/train/women/013266.jpg,0
144, data/train/women/013377.jpg,0
145, data/train/women/013460.jpg,0
146, data/train/women/013563.jpg,0
147, data/train/women/013600.jpg,0
148, data/train/women/013634.jpg,0
149, data/train/women/013658.jpg,0
150, data/train/women/013666.jpg,0
151, data/train/women/013731.jpg,0
152, data/train/women/013913.jpg,0
153, data/train/women/013922.jpg,0
154, data/train/women/014030.jpg,0
155, data/train/women/014277.jpg,0
156, data/train/women/014393.jpg,0
157, data/train/women/014443.jpg,0
158, data/train/women/014541.jpg,0
159, data/train/women/014616.jpg,0
160, data/train/women/014625.jpg,0
161, data/train/women/014667.jpg,0
162, data/train/women/014776.jpg,0
163, data/train/women/014810.jpg,0
164, data/train/women/014955.jpg,0
165, data/train/women/015045.jpg,0
166, data/train/women/015222.jpg,0
167, data/train/women/015296.jpg,0
168, data/train/women/016025.jpg,0
169, data/train/women/016236.jpg,0
170, data/train/women/016350.jpg,0
171, data/train/women/016399.jpg,0
172, data/train/women/016456.jpg,0
173, data/train/women/016493.jpg,0
174, data/train/women/016523.jpg,0
175, data/train/women/016650.jpg,0
176, data/train/women/016957.jpg,0
177, data/train/women/017135.jpg,0
178, data/train/women/017148.jpg,0
179, data/train/women/017248.jpg,0
180, data/train/women/017254.jpg,0
181, data/train/women/017290.jpg,0
182, data/train/women/017325.jpg,0
183, data/train/women/017365.jpg,0
184, data/train/women/017464.jpg,0
185, data/train/women/017530.jpg,0
186, data/train/women/017633.jpg,0
187, data/train/women/017707.jpg,0
188, data/train/women/017709.jpg,0
189, data/train/women/017742.jpg,0
190, data/train/women/017863.jpg,0
191, data/train/women/017890.jpg,0
192, data/train/women/018007.jpg,0
193, data/train/women/018042.jpg,0
194, data/train/women/018329.jpg,0
195, data/train/women/018364.jpg,0
196, data/train/women/018381.jpg,0
197, data/train/women/018466.jpg,0
198, data/train/women/018509.jpg,0
199, data/train/women/018561.jpg,0
200, data/train/women/018588.jpg,0
201, data/train/women/018617.jpg,0
202, data/train/women/018635.jpg,0
203, data/train/women/018716.jpg,0
204, data/train/women/018820.jpg,0
205, data/train/women/019049.jpg,0
206, data/train/women/019124.jpg,0
207, data/train/women/019224.jpg,0
208, data/train/women/019279.jpg,0
209, data/train/women/019354.jpg,0
210, data/train/women/019511.jpg,0
211, data/train/women/019589.jpg,0
212, data/train/women/019590.jpg,0
213, data/train/women/019591.jpg,0
214, data/train/women/019815.jpg,0
215, data/train/women/019836.jpg,0
216, data/train/women/019840.jpg,0
217, data/train/women/019881.jpg,0
218, data/train/women/019958.jpg,0
219, data/train/women/019998.jpg,0
220, data/train/women/019999.jpg,0
221, data/train/women/020096.jpg,0
222, data/train/women/020154.jpg,0
223, data/train/women/020376.jpg,0
224, data/train/women/020758.jpg,0
225, data/train/women/021066.jpg,0
226, data/train/women/021166.jpg,0
227, data/train/women/021171.jpg,0
228, data/train/women/021221.jpg,0
229, data/train/women/021331.jpg,0
230, data/train/women/021366.jpg,0
231, data/train/women/021520.jpg,0
232, data/train/women/021562.jpg,0
233, data/train/women/021572.jpg,0
234, data/train/women/021605.jpg,0
235, data/train/women/021642.jpg,0
236, data/train/women/021668.jpg,0
237, data/train/women/021751.jpg,0
238, data/train/women/021841.jpg,0
239, data/train/women/021926.jpg,0
240, data/train/women/021970.jpg,0
241, data/train/women/021984.jpg,0
242, data/train/women/022099.jpg,0
243, data/train/women/022184.jpg,0
244, data/train/women/022322.jpg,0
245, data/train/women/022566.jpg,0
246, data/train/women/022595.jpg,0
247, data/train/women/022687.jpg,0
248, data/train/women/022896.jpg,0
249, data/train/women/023102.jpg,0
250, data/train/women/023135.jpg,0
251, data/train/women/023229.jpg,0
252, data/train/women/023246.jpg,0
253, data/train/women/023313.jpg,0
254, data/train/women/023427.jpg,0
255, data/train/women/023456.jpg,0
256, data/train/women/023483.jpg,0
257, data/train/women/023556.jpg,0
258, data/train/women/023595.jpg,0
259, data/train/women/023642.jpg,0
260, data/train/women/023750.jpg,0
261, data/train/women/023881.jpg,0
262, data/train/women/023911.jpg,0
263, data/train/women/024046.jpg,0
264, data/train/women/024241.jpg,0
265, data/train/women/024285.jpg,0
266, data/train/women/024320.jpg,0
267, data/train/women/024391.jpg,0
268, data/train/women/024474.jpg,0
269, data/train/women/024497.jpg,0
270, data/train/women/024565.jpg,0
271, data/train/women/024645.jpg,0
272, data/train/women/024853.jpg,0
273, data/train/women/025034.jpg,0
274, data/train/women/025170.jpg,0
275, data/train/women/025215.jpg,0
276, data/train/women/025543.jpg,0
277, data/train/women/025579.jpg,0
278, data/train/women/025591.jpg,0
279, data/train/women/025619.jpg,0
280, data/train/women/025641.jpg,0
281, data/train/women/025920.jpg,0
282, data/train/women/026051.jpg,0
283, data/train/women/026053.jpg,0
284, data/train/women/026249.jpg,0
285, data/train/women/026329.jpg,0
286, data/train/women/026338.jpg,0
287, data/train/women/026381.jpg,0
288, data/train/women/026611.jpg,0
289, data/train/women/026857.jpg,0
290, data/train/women/026885.jpg,0
291, data/train/women/026888.jpg,0
292, data/train/women/026963.jpg,0
293, data/train/women/027069.jpg,0
294, data/train/women/027111.jpg,0
295, data/train/women/027130.jpg,0
296, data/train/women/027220.jpg,0
297, data/train/women/027235.jpg,0
298, data/train/women/027342.jpg,0
299, data/train/women/027380.jpg,0
300, data/train/women/027384.jpg,0
301, data/train/women/027395.jpg,0
302, data/train/women/027473.jpg,0
303, data/train/women/027663.jpg,0
304, data/train/women/027748.jpg,0
305, data/train/women/027983.jpg,0
306, data/train/women/028203.jpg,0
307, data/train/women/028259.jpg,0
308, data/train/women/028331.jpg,0
309, data/train/women/028706.jpg,0
310, data/train/women/029355.jpg,0
311, data/train/women/029436.jpg,0
312, data/train/women/029641.jpg,0
313, data/train/women/029727.jpg,0
314, data/train/women/029998.jpg,0
315, data/train/women/030132.jpg,0
316, data/train/women/030297.jpg,0
317, data/train/women/030313.jpg,0
318, data/train/women/030460.jpg,0
319, data/train/women/030546.jpg,0
320, data/train/women/030601.jpg,0
321, data/train/women/030631.jpg,0
322, data/train/women/030645.jpg,0
323, data/train/women/030652.jpg,0
324, data/train/women/030693.jpg,0
325, data/train/women/030751.jpg,0
326, data/train/women/030782.jpg,0
327, data/train/women/030808.jpg,0
328, data/train/women/030970.jpg,0
329, data/train/women/031009.jpg,0
330, data/train/women/031020.jpg,0
331, data/train/women/031112.jpg,0
332, data/train/women/031230.jpg,0
333, data/train/women/031364.jpg,0
334, data/train/women/031435.jpg,0
335, data/train/women/031445.jpg,0
336, data/train/women/031563.jpg,0
337, data/train/women/031607.jpg,0
338, data/train/women/031689.jpg,0
339, data/train/women/031775.jpg,0
340, data/train/women/031792.jpg,0
341, data/train/women/031818.jpg,0
342, data/train/women/031848.jpg,0
343, data/train/women/031901.jpg,0
344, data/train/women/031930.jpg,0
345, data/train/women/032042.jpg,0
346, data/train/women/032088.jpg,0
347, data/train/women/032129.jpg,0
348, data/train/women/032226.jpg,0
349, data/train/women/032309.jpg,0
350, data/train/women/032567.jpg,0
351, data/train/women/032593.jpg,0
352, data/train/women/032663.jpg,0
353, data/train/women/032666.jpg,0
354, data/train/women/032673.jpg,0
355, data/train/women/032803.jpg,0
356, data/train/women/032816.jpg,0
357, data/train/women/033007.jpg,0
358, data/train/women/033053.jpg,0
359, data/train/women/033061.jpg,0
360, data/train/women/033160.jpg,0
361, data/train/women/033260.jpg,0
362, data/train/women/033302.jpg,0
363, data/train/women/033498.jpg,0
364, data/train/women/033531.jpg,0
365, data/train/women/033594.jpg,0
366, data/train/women/033684.jpg,0
367, data/train/women/033804.jpg,0
368, data/train/women/033814.jpg,0
369, data/train/women/034082.jpg,0
370, data/train/women/034165.jpg,0
371, data/train/women/034175.jpg,0
372, data/train/women/034207.jpg,0
373, data/train/women/034358.jpg,0
374, data/train/women/034633.jpg,0
375, data/train/women/034647.jpg,0
376, data/train/women/034750.jpg,0
377, data/train/women/035106.jpg,0
378, data/train/women/035249.jpg,0
379, data/train/women/035324.jpg,0
380, data/train/women/035326.jpg,0
381, data/train/women/035565.jpg,0
382, data/train/women/035598.jpg,0
383, data/train/women/035716.jpg,0
384, data/train/women/035720.jpg,0
385, data/train/women/035734.jpg,0
386, data/train/women/035779.jpg,0
387, data/train/women/035845.jpg,0
388, data/train/women/035865.jpg,0
389, data/train/women/036006.jpg,0
390, data/train/women/036031.jpg,0
391, data/train/women/036171.jpg,0
392, data/train/women/036350.jpg,0
393, data/train/women/036447.jpg,0
394, data/train/women/036452.jpg,0
395, data/train/women/036480.jpg,0
396, data/train/women/036520.jpg,0
397, data/train/women/036584.jpg,0
398, data/train/women/036619.jpg,0
399, data/train/women/036656.jpg,0
400, data/train/women/036786.jpg,0
401, data/train/women/036829.jpg,0
402, data/train/women/036873.jpg,0
403, data/train/women/036921.jpg,0
404, data/train/women/036922.jpg,0
405, data/train/women/036938.jpg,0
406, data/train/women/037045.jpg,0
407, data/train/women/037054.jpg,0
408, data/train/women/037191.jpg,0
409, data/train/women/037247.jpg,0
410, data/train/women/037425.jpg,0
411, data/train/women/037567.jpg,0
412, data/train/women/037582.jpg,0
413, data/train/women/037611.jpg,0
414, data/train/women/037672.jpg,0
415, data/train/women/037703.jpg,0
416, data/train/women/037732.jpg,0
417, data/train/women/037833.jpg,0
418, data/train/women/037840.jpg,0
419, data/train/women/037884.jpg,0
420, data/train/women/038203.jpg,0
421, data/train/women/038219.jpg,0
422, data/train/women/038467.jpg,0
423, data/train/women/038806.jpg,0
424, data/train/women/038856.jpg,0
425, data/train/women/038985.jpg,0
426, data/train/women/039030.jpg,0
427, data/train/women/039079.jpg,0
428, data/train/women/039108.jpg,0
429, data/train/women/039362.jpg,0
430, data/train/women/039478.jpg,0
431, data/train/women/039509.jpg,0
432, data/train/women/039579.jpg,0
433, data/train/women/039812.jpg,0
434, data/train/women/039917.jpg,0
435, data/train/women/039973.jpg,0
436, data/train/women/040019.jpg,0
437, data/train/women/040270.jpg,0
438, data/train/women/040426.jpg,0
439, data/train/women/040571.jpg,0
440, data/train/women/040618.jpg,0
441, data/train/women/040631.jpg,0
442, data/train/women/040925.jpg,0
443, data/train/women/040980.jpg,0
444, data/train/women/041049.jpg,0
445, data/train/women/041188.jpg,0
446, data/train/women/041224.jpg,0
447, data/train/women/041273.jpg,0
448, data/train/women/041347.jpg,0
449, data/train/women/041400.jpg,0
450, data/train/women/041657.jpg,0
451, data/train/women/041709.jpg,0
452, data/train/women/042230.jpg,0
453, data/train/women/042456.jpg,0
454, data/train/women/042458.jpg,0
455, data/train/women/042584.jpg,0
456, data/train/women/042598.jpg,0
457, data/train/women/042705.jpg,0
458, data/train/women/042822.jpg,0
459, data/train/women/042868.jpg,0
460, data/train/women/042974.jpg,0
461, data/train/women/043008.jpg,0
462, data/train/women/043069.jpg,0
463, data/train/women/043263.jpg,0
464, data/train/women/043287.jpg,0
465, data/train/women/043289.jpg,0
466, data/train/women/043323.jpg,0
467, data/train/women/043829.jpg,0
468, data/train/women/043847.jpg,0
469, data/train/women/043883.jpg,0
470, data/train/women/044011.jpg,0
471, data/train/women/044170.jpg,0
472, data/train/women/044270.jpg,0
473, data/train/women/044437.jpg,0
474, data/train/women/044595.jpg,0
475, data/train/women/044653.jpg,0
476, data/train/women/044977.jpg,0
477, data/train/women/045058.jpg,0
478, data/train/women/045118.jpg,0
479, data/train/women/045260.jpg,0
480, data/train/women/045407.jpg,0
481, data/train/women/045482.jpg,0
482, data/train/women/045520.jpg,0
483, data/train/women/045546.jpg,0
484, data/train/women/045597.jpg,0
485, data/train/women/045778.jpg,0
486, data/train/women/045868.jpg,0
487, data/train/women/045891.jpg,0
488, data/train/women/046016.jpg,0
489, data/train/women/046040.jpg,0
490, data/train/women/046129.jpg,0
491, data/train/women/046146.jpg,0
492, data/train/women/046200.jpg,0
493, data/train/women/046315.jpg,0
494, data/train/women/046544.jpg,0
495, data/train/women/046635.jpg,0
496, data/train/women/046726.jpg,0
497, data/train/women/046736.jpg,0
498, data/train/women/046738.jpg,0
499, data/train/women/046753.jpg,0
500, data/train/women/046890.jpg,0
501, data/train/women/046893.jpg,0
502, data/train/women/046956.jpg,0
503, data/train/women/046972.jpg,0
504, data/train/women/047212.jpg,0
505, data/train/women/047478.jpg,0
506, data/train/women/047673.jpg,0
507, data/train/women/047764.jpg,0
508, data/train/women/047816.jpg,0
509, data/train/women/047990.jpg,0
510, data/train/women/048005.jpg,0
511, data/train/women/048105.jpg,0
512, data/train/women/048179.jpg,0
513, data/train/women/048322.jpg,0
514, data/train/women/048354.jpg,0
515, data/train/women/048357.jpg,0
516, data/train/women/048365.jpg,0
517, data/train/women/048420.jpg,0
518, data/train/women/048433.jpg,0
519, data/train/women/048447.jpg,0
520, data/train/women/048499.jpg,0
521, data/train/women/048616.jpg,0
522, data/train/women/048916.jpg,0
523, data/train/women/049122.jpg,0
524, data/train/women/049387.jpg,0
525, data/train/women/049554.jpg,0
526, data/train/women/049601.jpg,0
527, data/train/women/049683.jpg,0
528, data/train/women/049907.jpg,0
529, data/train/women/050138.jpg,0
530, data/train/women/050197.jpg,0
531, data/train/women/050765.jpg,0
532, data/train/women/050868.jpg,0
533, data/train/women/050998.jpg,0
534, data/train/women/051032.jpg,0
535, data/train/women/051038.jpg,0
536, data/train/women/051176.jpg,0
537, data/train/women/051179.jpg,0
538, data/train/women/051215.jpg,0
539, data/train/women/051238.jpg,0
540, data/train/women/051350.jpg,0
541, data/train/women/051540.jpg,0
542, data/train/women/051655.jpg,0
543, data/train/women/051710.jpg,0
544, data/train/women/051802.jpg,0
545, data/train/women/051888.jpg,0
546, data/train/women/051930.jpg,0
547, data/train/women/051969.jpg,0
548, data/train/women/052029.jpg,0
549, data/train/women/052078.jpg,0
550, data/train/women/052526.jpg,0
551, data/train/women/052833.jpg,0
552, data/train/women/052946.jpg,0
553, data/train/women/053117.jpg,0
554, data/train/women/053478.jpg,0
555, data/train/women/053485.jpg,0
556, data/train/women/053819.jpg,0
557, data/train/women/053931.jpg,0
558, data/train/women/054223.jpg,0
559, data/train/women/054242.jpg,0
560, data/train/women/054250.jpg,0
561, data/train/women/054266.jpg,0
562, data/train/women/054317.jpg,0
563, data/train/women/054427.jpg,0
564, data/train/women/054444.jpg,0
565, data/train/women/054508.jpg,0
566, data/train/women/054808.jpg,0
567, data/train/women/054844.jpg,0
568, data/train/women/055078.jpg,0
569, data/train/women/055131.jpg,0
570, data/train/women/055233.jpg,0
571, data/train/women/055272.jpg,0
572, data/train/women/055389.jpg,0
573, data/train/women/055525.jpg,0
574, data/train/women/055606.jpg,0
575, data/train/women/055616.jpg,0
576, data/train/women/055662.jpg,0
577, data/train/women/055693.jpg,0
578, data/train/women/055695.jpg,0
579, data/train/women/055723.jpg,0
580, data/train/women/056057.jpg,0
581, data/train/women/056116.jpg,0
582, data/train/women/056169.jpg,0
583, data/train/women/056233.jpg,0
584, data/train/women/056317.jpg,0
585, data/train/women/056499.jpg,0
586, data/train/women/056590.jpg,0
587, data/train/women/056601.jpg,0
588, data/train/women/056621.jpg,0
589, data/train/women/056732.jpg,0
590, data/train/women/056821.jpg,0
591, data/train/women/056842.jpg,0
592, data/train/women/056912.jpg,0
593, data/train/women/057026.jpg,0
594, data/train/women/057027.jpg,0
595, data/train/women/057146.jpg,0
596, data/train/women/057163.jpg,0
597, data/train/women/057169.jpg,0
598, data/train/women/057306.jpg,0
599, data/train/women/057455.jpg,0
600, data/train/women/057556.jpg,0
601, data/train/women/057627.jpg,0
602, data/train/women/057680.jpg,0
603, data/train/women/057743.jpg,0
604, data/train/women/057773.jpg,0
605, data/train/women/057975.jpg,0
606, data/train/women/057981.jpg,0
607, data/train/women/058004.jpg,0
608, data/train/women/058085.jpg,0
609, data/train/women/058305.jpg,0
610, data/train/women/058316.jpg,0
611, data/train/women/058344.jpg,0
612, data/train/women/058351.jpg,0
613, data/train/women/058437.jpg,0
614, data/train/women/058478.jpg,0
615, data/train/women/058573.jpg,0
616, data/train/women/058658.jpg,0
617, data/train/women/058722.jpg,0
618, data/train/women/058784.jpg,0
619, data/train/women/058956.jpg,0
620, data/train/women/058960.jpg,0
621, data/train/women/058983.jpg,0
622, data/train/women/059094.jpg,0
623, data/train/women/059169.jpg,0
624, data/train/women/059286.jpg,0
625, data/train/women/059315.jpg,0
626, data/train/women/059327.jpg,0
627, data/train/women/059396.jpg,0
628, data/train/women/059883.jpg,0
629, data/train/women/060152.jpg,0
630, data/train/women/060201.jpg,0
631, data/train/women/060392.jpg,0
632, data/train/women/060567.jpg,0
633, data/train/women/060602.jpg,0
634, data/train/women/060661.jpg,0
635, data/train/women/060677.jpg,0
636, data/train/women/060699.jpg,0
637, data/train/women/060827.jpg,0
638, data/train/women/060864.jpg,0
639, data/train/women/060872.jpg,0
640, data/train/women/060950.jpg,0
641, data/train/women/061084.jpg,0
642, data/train/women/061105.jpg,0
643, data/train/women/061119.jpg,0
644, data/train/women/061129.jpg,0
645, data/train/women/061213.jpg,0
646, data/train/women/061223.jpg,0
647, data/train/women/061309.jpg,0
648, data/train/women/061312.jpg,0
649, data/train/women/061375.jpg,0
650, data/train/women/061442.jpg,0
651, data/train/women/061757.jpg,0
652, data/train/women/061799.jpg,0
653, data/train/women/061835.jpg,0
654, data/train/women/062352.jpg,0
655, data/train/women/062359.jpg,0
656, data/train/women/062428.jpg,0
657, data/train/women/062435.jpg,0
658, data/train/women/062461.jpg,0
659, data/train/women/062501.jpg,0
660, data/train/women/062759.jpg,0
661, data/train/women/062777.jpg,0
662, data/train/women/062800.jpg,0
663, data/train/women/062891.jpg,0
664, data/train/women/063092.jpg,0
665, data/train/women/063152.jpg,0
666, data/train/women/063237.jpg,0
667, data/train/women/063274.jpg,0
668, data/train/women/063468.jpg,0
669, data/train/women/063481.jpg,0
670, data/train/women/063530.jpg,0
671, data/train/women/063565.jpg,0
672, data/train/women/063651.jpg,0
673, data/train/women/063659.jpg,0
674, data/train/women/063788.jpg,0
675, data/train/women/064001.jpg,0
676, data/train/women/064005.jpg,0
677, data/train/women/064562.jpg,0
678, data/train/women/064575.jpg,0
679, data/train/women/064650.jpg,0
680, data/train/women/064676.jpg,0
681, data/train/women/064852.jpg,0
682, data/train/women/065083.jpg,0
683, data/train/women/065189.jpg,0
684, data/train/women/065309.jpg,0
685, data/train/women/065330.jpg,0
686, data/train/women/065509.jpg,0
687, data/train/women/065572.jpg,0
688, data/train/women/065643.jpg,0
689, data/train/women/066064.jpg,0
690, data/train/women/066127.jpg,0
691, data/train/women/066171.jpg,0
692, data/train/women/066215.jpg,0
693, data/train/women/066226.jpg,0
694, data/train/women/066332.jpg,0
695, data/train/women/066358.jpg,0
696, data/train/women/066514.jpg,0
697, data/train/women/066552.jpg,0
698, data/train/women/066581.jpg,0
699, data/train/women/066677.jpg,0
700, data/train/women/066954.jpg,0
701, data/train/women/067524.jpg,0
702, data/train/women/067699.jpg,0
703, data/train/women/067752.jpg,0
704, data/train/women/067822.jpg,0
705, data/train/women/067831.jpg,0
706, data/train/women/067947.jpg,0
707, data/train/women/068083.jpg,0
708, data/train/women/068104.jpg,0
709, data/train/women/068159.jpg,0
710, data/train/women/068168.jpg,0
711, data/train/women/068225.jpg,0
712, data/train/women/068258.jpg,0
713, data/train/women/068382.jpg,0
714, data/train/women/068478.jpg,0
715, data/train/women/068515.jpg,0
716, data/train/women/068548.jpg,0
717, data/train/women/068669.jpg,0
718, data/train/women/068742.jpg,0
719, data/train/women/068770.jpg,0
720, data/train/women/068803.jpg,0
721, data/train/women/068838.jpg,0
722, data/train/women/068977.jpg,0
723, data/train/women/069148.jpg,0
724, data/train/women/069235.jpg,0
725, data/train/women/069266.jpg,0
726, data/train/women/069337.jpg,0
727, data/train/women/069401.jpg,0
728, data/train/women/069424.jpg,0
729, data/train/women/069534.jpg,0
730, data/train/women/069588.jpg,0
731, data/train/women/069680.jpg,0
732, data/train/women/069749.jpg,0
733, data/train/women/069827.jpg,0
734, data/train/women/069899.jpg,0
735, data/train/women/069964.jpg,0
736, data/train/women/070033.jpg,0
737, data/train/women/070063.jpg,0
738, data/train/women/070075.jpg,0
739, data/train/women/070112.jpg,0
740, data/train/women/070244.jpg,0
741, data/train/women/070304.jpg,0
742, data/train/women/070356.jpg,0
743, data/train/women/070474.jpg,0
744, data/train/women/070551.jpg,0
745, data/train/women/070595.jpg,0
746, data/train/women/070697.jpg,0
747, data/train/women/070718.jpg,0
748, data/train/women/070778.jpg,0
749, data/train/women/071025.jpg,0
750, data/train/women/071069.jpg,0
751, data/train/women/071220.jpg,0
752, data/train/women/071295.jpg,0
753, data/train/women/071372.jpg,0
754, data/train/women/071430.jpg,0
755, data/train/women/071434.jpg,0
756, data/train/women/071437.jpg,0
757, data/train/women/071655.jpg,0
758, data/train/women/071774.jpg,0
759, data/train/women/071834.jpg,0
760, data/train/women/071917.jpg,0
761, data/train/women/071991.jpg,0
762, data/train/women/071994.jpg,0
763, data/train/women/072082.jpg,0
764, data/train/women/072166.jpg,0
765, data/train/women/072213.jpg,0
766, data/train/women/072542.jpg,0
767, data/train/women/072547.jpg,0
768, data/train/women/072590.jpg,0
769, data/train/women/072641.jpg,0
770, data/train/women/072646.jpg,0
771, data/train/women/072652.jpg,0
772, data/train/women/072693.jpg,0
773, data/train/women/072709.jpg,0
774, data/train/women/073018.jpg,0
775, data/train/women/073512.jpg,0
776, data/train/women/073520.jpg,0
777, data/train/women/073553.jpg,0
778, data/train/women/073579.jpg,0
779, data/train/women/073634.jpg,0
780, data/train/women/073755.jpg,0
781, data/train/women/073803.jpg,0
782, data/train/women/074101.jpg,0
783, data/train/women/074541.jpg,0
784, data/train/women/074591.jpg,0
785, data/train/women/074614.jpg,0
786, data/train/women/074620.jpg,0
787, data/train/women/074813.jpg,0
788, data/train/women/074862.jpg,0
789, data/train/women/074919.jpg,0
790, data/train/women/074943.jpg,0
791, data/train/women/075033.jpg,0
792, data/train/women/075070.jpg,0
793, data/train/women/075102.jpg,0
794, data/train/women/075171.jpg,0
795, data/train/women/075214.jpg,0
796, data/train/women/075282.jpg,0
797, data/train/women/075538.jpg,0
798, data/train/women/075739.jpg,0
799, data/train/women/075752.jpg,0
800, data/train/women/075762.jpg,0
801, data/train/women/075845.jpg,0
802, data/train/women/075887.jpg,0
803, data/train/women/075896.jpg,0
804, data/train/women/075897.jpg,0
805, data/train/women/076045.jpg,0
806, data/train/women/076103.jpg,0
807, data/train/women/076155.jpg,0
808, data/train/women/076164.jpg,0
809, data/train/women/076479.jpg,0
810, data/train/women/076488.jpg,0
811, data/train/women/076547.jpg,0
812, data/train/women/076997.jpg,0
813, data/train/women/076998.jpg,0
814, data/train/women/077099.jpg,0
815, data/train/women/077166.jpg,0
816, data/train/women/077242.jpg,0
817, data/train/women/077290.jpg,0
818, data/train/women/077299.jpg,0
819, data/train/women/077372.jpg,0
820, data/train/women/077581.jpg,0
821, data/train/women/077626.jpg,0
822, data/train/women/077926.jpg,0
823, data/train/women/078159.jpg,0
824, data/train/women/078188.jpg,0
825, data/train/women/078286.jpg,0
826, data/train/women/078292.jpg,0
827, data/train/women/078436.jpg,0
828, data/train/women/078540.jpg,0
829, data/train/women/078552.jpg,0
830, data/train/women/078589.jpg,0
831, data/train/women/078619.jpg,0
832, data/train/women/078646.jpg,0
833, data/train/women/078753.jpg,0
834, data/train/women/078764.jpg,0
835, data/train/women/078817.jpg,0
836, data/train/women/078952.jpg,0
837, data/train/women/079006.jpg,0
838, data/train/women/079040.jpg,0
839, data/train/women/079141.jpg,0
840, data/train/women/079197.jpg,0
841, data/train/women/079693.jpg,0
842, data/train/women/079943.jpg,0
843, data/train/women/080061.jpg,0
844, data/train/women/080226.jpg,0
845, data/train/women/080375.jpg,0
846, data/train/women/080591.jpg,0
847, data/train/women/080785.jpg,0
848, data/train/women/080903.jpg,0
849, data/train/women/081017.jpg,0
850, data/train/women/081025.jpg,0
851, data/train/women/081095.jpg,0
852, data/train/women/081229.jpg,0
853, data/train/women/081396.jpg,0
854, data/train/women/081701.jpg,0
855, data/train/women/081876.jpg,0
856, data/train/women/082015.jpg,0
857, data/train/women/082314.jpg,0
858, data/train/women/082453.jpg,0
859, data/train/women/082511.jpg,0
860, data/train/women/082704.jpg,0
861, data/train/women/082754.jpg,0
862, data/train/women/082837.jpg,0
863, data/train/women/082888.jpg,0
864, data/train/women/082954.jpg,0
865, data/train/women/083060.jpg,0
866, data/train/women/083185.jpg,0
867, data/train/women/083350.jpg,0
868, data/train/women/083395.jpg,0
869, data/train/women/083417.jpg,0
870, data/train/women/083614.jpg,0
871, data/train/women/083991.jpg,0
872, data/train/women/084012.jpg,0
873, data/train/women/084058.jpg,0
874, data/train/women/084093.jpg,0
875, data/train/women/084214.jpg,0
876, data/train/women/084286.jpg,0
877, data/train/women/084723.jpg,0
878, data/train/women/084820.jpg,0
879, data/train/women/084886.jpg,0
880, data/train/women/084889.jpg,0
881, data/train/women/084992.jpg,0
882, data/train/women/085208.jpg,0
883, data/train/women/085250.jpg,0
884, data/train/women/085364.jpg,0
885, data/train/women/085447.jpg,0
886, data/train/women/085604.jpg,0
887, data/train/women/085955.jpg,0
888, data/train/women/085972.jpg,0
889, data/train/women/085986.jpg,0
890, data/train/women/086170.jpg,0
891, data/train/women/086183.jpg,0
892, data/train/women/086272.jpg,0
893, data/train/women/086293.jpg,0
894, data/train/women/086491.jpg,0
895, data/train/women/086595.jpg,0
896, data/train/women/086637.jpg,0
897, data/train/women/086657.jpg,0
898, data/train/women/086690.jpg,0
899, data/train/women/086820.jpg,0
900, data/train/women/086835.jpg,0
901, data/train/women/086868.jpg,0
902, data/train/women/086916.jpg,0
903, data/train/women/087011.jpg,0
904, data/train/women/087140.jpg,0
905, data/train/women/087219.jpg,0
906, data/train/women/087233.jpg,0
907, data/train/women/087283.jpg,0
908, data/train/women/087335.jpg,0
909, data/train/women/087433.jpg,0
910, data/train/women/087461.jpg,0
911, data/train/women/087515.jpg,0
912, data/train/women/087571.jpg,0
913, data/train/women/087719.jpg,0
914, data/train/women/088017.jpg,0
915, data/train/women/088026.jpg,0
916, data/train/women/088027.jpg,0
917, data/train/women/088107.jpg,0
918, data/train/women/088233.jpg,0
919, data/train/women/088358.jpg,0
920, data/train/women/088445.jpg,0
921, data/train/women/088724.jpg,0
922, data/train/women/088732.jpg,0
923, data/train/women/088975.jpg,0
924, data/train/women/089219.jpg,0
925, data/train/women/089435.jpg,0
926, data/train/women/089616.jpg,0
927, data/train/women/089621.jpg,0
928, data/train/women/089660.jpg,0
929, data/train/women/089995.jpg,0
930, data/train/women/089997.jpg,0
931, data/train/women/090016.jpg,0
932, data/train/women/090027.jpg,0
933, data/train/women/090223.jpg,0
934, data/train/women/090432.jpg,0
935, data/train/women/090490.jpg,0
936, data/train/women/090630.jpg,0
937, data/train/women/090667.jpg,0
938, data/train/women/090704.jpg,0
939, data/train/women/090918.jpg,0
940, data/train/women/091103.jpg,0
941, data/train/women/091133.jpg,0
942, data/train/women/091350.jpg,0
943, data/train/women/091357.jpg,0
944, data/train/women/091362.jpg,0
945, data/train/women/091447.jpg,0
946, data/train/women/091459.jpg,0
947, data/train/women/091536.jpg,0
948, data/train/women/091593.jpg,0
949, data/train/women/091932.jpg,0
950, data/train/women/091968.jpg,0
951, data/train/women/091999.jpg,0
952, data/train/women/092057.jpg,0
953, data/train/women/092058.jpg,0
954, data/train/women/092156.jpg,0
955, data/train/women/092245.jpg,0
956, data/train/women/092294.jpg,0
957, data/train/women/092327.jpg,0
958, data/train/women/092707.jpg,0
959, data/train/women/092754.jpg,0
960, data/train/women/092870.jpg,0
961, data/train/women/092952.jpg,0
962, data/train/women/093000.jpg,0
963, data/train/women/093092.jpg,0
964, data/train/women/093144.jpg,0
965, data/train/women/093402.jpg,0
966, data/train/women/093570.jpg,0
967, data/train/women/093669.jpg,0
968, data/train/women/093785.jpg,0
969, data/train/women/093888.jpg,0
970, data/train/women/093944.jpg,0
971, data/train/women/094075.jpg,0
972, data/train/women/094081.jpg,0
973, data/train/women/094099.jpg,0
974, data/train/women/094429.jpg,0
975, data/train/women/094463.jpg,0
976, data/train/women/094603.jpg,0
977, data/train/women/094637.jpg,0
978, data/train/women/094831.jpg,0
979, data/train/women/094934.jpg,0
980, data/train/women/094998.jpg,0
981, data/train/women/095089.jpg,0
982, data/train/women/095179.jpg,0
983, data/train/women/095253.jpg,0
984, data/train/women/095268.jpg,0
985, data/train/women/095287.jpg,0
986, data/train/women/095386.jpg,0
987, data/train/women/095406.jpg,0
988, data/train/women/095414.jpg,0
989, data/train/women/095416.jpg,0
990, data/train/women/095439.jpg,0
991, data/train/women/095482.jpg,0
992, data/train/women/095601.jpg,0
993, data/train/women/095728.jpg,0
994, data/train/women/095800.jpg,0
995, data/train/women/095926.jpg,0
996, data/train/women/095931.jpg,0
997, data/train/women/096008.jpg,0
998, data/train/women/096098.jpg,0
999, data/train/women/096143.jpg,0
1000, data/train/women/096301.jpg,0
1001, data/train/women/096321.jpg,0
1002, data/train/women/096338.jpg,0
1003, data/train/women/096361.jpg,0
1004, data/train/women/096488.jpg,0
1005, data/train/women/096609.jpg,0
1006, data/train/women/096640.jpg,0
1007, data/train/women/096723.jpg,0
1008, data/train/women/096780.jpg,0
1009, data/train/women/096880.jpg,0
1010, data/train/women/096915.jpg,0
1011, data/train/women/097125.jpg,0
1012, data/train/women/097132.jpg,0
1013, data/train/women/097192.jpg,0
1014, data/train/women/097281.jpg,0
1015, data/train/women/097347.jpg,0
1016, data/train/women/097361.jpg,0
1017, data/train/women/097559.jpg,0
1018, data/train/women/097611.jpg,0
1019, data/train/women/097641.jpg,0
1020, data/train/women/097700.jpg,0
1021, data/train/women/097713.jpg,0
1022, data/train/women/097825.jpg,0
1023, data/train/women/097835.jpg,0
1024, data/train/women/098026.jpg,0
1025, data/train/women/098140.jpg,0
1026, data/train/women/098642.jpg,0
1027, data/train/women/098739.jpg,0
1028, data/train/women/098748.jpg,0
1029, data/train/women/098833.jpg,0
1030, data/train/women/098861.jpg,0
1031, data/train/women/099107.jpg,0
1032, data/train/women/099186.jpg,0
1033, data/train/women/099238.jpg,0
1034, data/train/women/099515.jpg,0
1035, data/train/women/099541.jpg,0
1036, data/train/women/099579.jpg,0
1037, data/train/women/099607.jpg,0
1038, data/train/women/099787.jpg,0
1039, data/train/women/099839.jpg,0
1040, data/train/women/100072.jpg,0
1041, data/train/women/100142.jpg,0
1042, data/train/women/100311.jpg,0
1043, data/train/women/100490.jpg,0
1044, data/train/women/100567.jpg,0
1045, data/train/women/100628.jpg,0
1046, data/train/women/100677.jpg,0
1047, data/train/women/100719.jpg,0
1048, data/train/women/100787.jpg,0
1049, data/train/women/100797.jpg,0
1050, data/train/women/100903.jpg,0
1051, data/train/women/100910.jpg,0
1052, data/train/women/100929.jpg,0
1053, data/train/women/100936.jpg,0
1054, data/train/women/101543.jpg,0
1055, data/train/women/101562.jpg,0
1056, data/train/women/101633.jpg,0
1057, data/train/women/101764.jpg,0
1058, data/train/women/101928.jpg,0
1059, data/train/women/102052.jpg,0
1060, data/train/women/102085.jpg,0
1061, data/train/women/102151.jpg,0
1062, data/train/women/102334.jpg,0
1063, data/train/women/102398.jpg,0
1064, data/train/women/102409.jpg,0
1065, data/train/women/102711.jpg,0
1066, data/train/women/102727.jpg,0
1067, data/train/women/102730.jpg,0
1068, data/train/women/102751.jpg,0
1069, data/train/women/102872.jpg,0
1070, data/train/women/102957.jpg,0
1071, data/train/women/103037.jpg,0
1072, data/train/women/103107.jpg,0
1073, data/train/women/103171.jpg,0
1074, data/train/women/103359.jpg,0
1075, data/train/women/103524.jpg,0
1076, data/train/women/103540.jpg,0
1077, data/train/women/103554.jpg,0
1078, data/train/women/103557.jpg,0
1079, data/train/women/103586.jpg,0
1080, data/train/women/103814.jpg,0
1081, data/train/women/104182.jpg,0
1082, data/train/women/104186.jpg,0
1083, data/train/women/104270.jpg,0
1084, data/train/women/104586.jpg,0
1085, data/train/women/105015.jpg,0
1086, data/train/women/105285.jpg,0
1087, data/train/women/105301.jpg,0
1088, data/train/women/105342.jpg,0
1089, data/train/women/105588.jpg,0
1090, data/train/women/105616.jpg,0
1091, data/train/women/105685.jpg,0
1092, data/train/women/105729.jpg,0
1093, data/train/women/105912.jpg,0
1094, data/train/women/105927.jpg,0
1095, data/train/women/106068.jpg,0
1096, data/train/women/106115.jpg,0
1097, data/train/women/106251.jpg,0
1098, data/train/women/106424.jpg,0
1099, data/train/women/106511.jpg,0
1100, data/train/women/106593.jpg,0
1101, data/train/women/106620.jpg,0
1102, data/train/women/106705.jpg,0
1103, data/train/women/106820.jpg,0
1104, data/train/women/106852.jpg,0
1105, data/train/women/106855.jpg,0
1106, data/train/women/107062.jpg,0
1107, data/train/women/107236.jpg,0
1108, data/train/women/107332.jpg,0
1109, data/train/women/107525.jpg,0
1110, data/train/women/107545.jpg,0
1111, data/train/women/107558.jpg,0
1112, data/train/women/107627.jpg,0
1113, data/train/women/107701.jpg,0
1114, data/train/women/107756.jpg,0
1115, data/train/women/107769.jpg,0
1116, data/train/women/107777.jpg,0
1117, data/train/women/108007.jpg,0
1118, data/train/women/108021.jpg,0
1119, data/train/women/108142.jpg,0
1120, data/train/women/108496.jpg,0
1121, data/train/women/108556.jpg,0
1122, data/train/women/108617.jpg,0
1123, data/train/women/108619.jpg,0
1124, data/train/women/108635.jpg,0
1125, data/train/women/108869.jpg,0
1126, data/train/women/108870.jpg,0
1127, data/train/women/108888.jpg,0
1128, data/train/women/108928.jpg,0
1129, data/train/women/109208.jpg,0
1130, data/train/women/109251.jpg,0
1131, data/train/women/109506.jpg,0
1132, data/train/women/109669.jpg,0
1133, data/train/women/109738.jpg,0
1134, data/train/women/109797.jpg,0
1135, data/train/women/110181.jpg,0
1136, data/train/women/110295.jpg,0
1137, data/train/women/110467.jpg,0
1138, data/train/women/110493.jpg,0
1139, data/train/women/110745.jpg,0
1140, data/train/women/110804.jpg,0
1141, data/train/women/110926.jpg,0
1142, data/train/women/110983.jpg,0
1143, data/train/women/111120.jpg,0
1144, data/train/women/111306.jpg,0
1145, data/train/women/111360.jpg,0
1146, data/train/women/111461.jpg,0
1147, data/train/women/111687.jpg,0
1148, data/train/women/111757.jpg,0
1149, data/train/women/111774.jpg,0
1150, data/train/women/111775.jpg,0
1151, data/train/women/111984.jpg,0
1152, data/train/women/112070.jpg,0
1153, data/train/women/112265.jpg,0
1154, data/train/women/112277.jpg,0
1155, data/train/women/112610.jpg,0
1156, data/train/women/112717.jpg,0
1157, data/train/women/112916.jpg,0
1158, data/train/women/112970.jpg,0
1159, data/train/women/113252.jpg,0
1160, data/train/women/113490.jpg,0
1161, data/train/women/114306.jpg,0
1162, data/train/women/114388.jpg,0
1163, data/train/women/114435.jpg,0
1164, data/train/women/114440.jpg,0
1165, data/train/women/114626.jpg,0
1166, data/train/women/114661.jpg,0
1167, data/train/women/114805.jpg,0
1168, data/train/women/114816.jpg,0
1169, data/train/women/114913.jpg,0
1170, data/train/women/114982.jpg,0
1171, data/train/women/115057.jpg,0
1172, data/train/women/115135.jpg,0
1173, data/train/women/115227.jpg,0
1174, data/train/women/115284.jpg,0
1175, data/train/women/115285.jpg,0
1176, data/train/women/115377.jpg,0
1177, data/train/women/115464.jpg,0
1178, data/train/women/115484.jpg,0
1179, data/train/women/115547.jpg,0
1180, data/train/women/115636.jpg,0
1181, data/train/women/115638.jpg,0
1182, data/train/women/115719.jpg,0
1183, data/train/women/115789.jpg,0
1184, data/train/women/115966.jpg,0
1185, data/train/women/115971.jpg,0
1186, data/train/women/116038.jpg,0
1187, data/train/women/116055.jpg,0
1188, data/train/women/116215.jpg,0
1189, data/train/women/116283.jpg,0
1190, data/train/women/116642.jpg,0
1191, data/train/women/116740.jpg,0
1192, data/train/women/116981.jpg,0
1193, data/train/women/117018.jpg,0
1194, data/train/women/117157.jpg,0
1195, data/train/women/117324.jpg,0
1196, data/train/women/117623.jpg,0
1197, data/train/women/118130.jpg,0
1198, data/train/women/118229.jpg,0
1199, data/train/women/118505.jpg,0
1200, data/train/women/118520.jpg,0
1201, data/train/women/118596.jpg,0
1202, data/train/women/118802.jpg,0
1203, data/train/women/118992.jpg,0
1204, data/train/women/119060.jpg,0
1205, data/train/women/119081.jpg,0
1206, data/train/women/119114.jpg,0
1207, data/train/women/119293.jpg,0
1208, data/train/women/119358.jpg,0
1209, data/train/women/119763.jpg,0
1210, data/train/women/119800.jpg,0
1211, data/train/women/119803.jpg,0
1212, data/train/women/119875.jpg,0
1213, data/train/women/119887.jpg,0
1214, data/train/women/120050.jpg,0
1215, data/train/women/120088.jpg,0
1216, data/train/women/120135.jpg,0
1217, data/train/women/120141.jpg,0
1218, data/train/women/120166.jpg,0
1219, data/train/women/120241.jpg,0
1220, data/train/women/120243.jpg,0
1221, data/train/women/120266.jpg,0
1222, data/train/women/120279.jpg,0
1223, data/train/women/120280.jpg,0
1224, data/train/women/120424.jpg,0
1225, data/train/women/120474.jpg,0
1226, data/train/women/120483.jpg,0
1227, data/train/women/120608.jpg,0
1228, data/train/women/120719.jpg,0
1229, data/train/women/120730.jpg,0
1230, data/train/women/120866.jpg,0
1231, data/train/women/121027.jpg,0
1232, data/train/women/121176.jpg,0
1233, data/train/women/121357.jpg,0
1234, data/train/women/121502.jpg,0
1235, data/train/women/121589.jpg,0
1236, data/train/women/121618.jpg,0
1237, data/train/women/122051.jpg,0
1238, data/train/women/122078.jpg,0
1239, data/train/women/122106.jpg,0
1240, data/train/women/122215.jpg,0
1241, data/train/women/122240.jpg,0
1242, data/train/women/122305.jpg,0
1243, data/train/women/122433.jpg,0
1244, data/train/women/122593.jpg,0
1245, data/train/women/122628.jpg,0
1246, data/train/women/122633.jpg,0
1247, data/train/women/122803.jpg,0
1248, data/train/women/123172.jpg,0
1249, data/train/women/123248.jpg,0
1250, data/train/women/123298.jpg,0
1251, data/train/women/123367.jpg,0
1252, data/train/women/123588.jpg,0
1253, data/train/women/123624.jpg,0
1254, data/train/women/123721.jpg,0
1255, data/train/women/123794.jpg,0
1256, data/train/women/123957.jpg,0
1257, data/train/women/123959.jpg,0
1258, data/train/women/124092.jpg,0
1259, data/train/women/124149.jpg,0
1260, data/train/women/124488.jpg,0
1261, data/train/women/124528.jpg,0
1262, data/train/women/124804.jpg,0
1263, data/train/women/124812.jpg,0
1264, data/train/women/124846.jpg,0
1265, data/train/women/124866.jpg,0
1266, data/train/women/124906.jpg,0
1267, data/train/women/125000.jpg,0
1268, data/train/women/125275.jpg,0
1269, data/train/women/125668.jpg,0
1270, data/train/women/125749.jpg,0
1271, data/train/women/125800.jpg,0
1272, data/train/women/125817.jpg,0
1273, data/train/women/125957.jpg,0
1274, data/train/women/126096.jpg,0
1275, data/train/women/126126.jpg,0
1276, data/train/women/126144.jpg,0
1277, data/train/women/126161.jpg,0
1278, data/train/women/126208.jpg,0
1279, data/train/women/126403.jpg,0
1280, data/train/women/126450.jpg,0
1281, data/train/women/126502.jpg,0
1282, data/train/women/126519.jpg,0
1283, data/train/women/126553.jpg,0
1284, data/train/women/126716.jpg,0
1285, data/train/women/126761.jpg,0
1286, data/train/women/126807.jpg,0
1287, data/train/women/126820.jpg,0
1288, data/train/women/126833.jpg,0
1289, data/train/women/126866.jpg,0
1290, data/train/women/127031.jpg,0
1291, data/train/women/127136.jpg,0
1292, data/train/women/127236.jpg,0
1293, data/train/women/127256.jpg,0
1294, data/train/women/127357.jpg,0
1295, data/train/women/127485.jpg,0
1296, data/train/women/127588.jpg,0
1297, data/train/women/127613.jpg,0
1298, data/train/women/127651.jpg,0
1299, data/train/women/127768.jpg,0
1300, data/train/women/127775.jpg,0
1301, data/train/women/127803.jpg,0
1302, data/train/women/127806.jpg,0
1303, data/train/women/128068.jpg,0
1304, data/train/women/128090.jpg,0
1305, data/train/women/128201.jpg,0
1306, data/train/women/128272.jpg,0
1307, data/train/women/128451.jpg,0
1308, data/train/women/128550.jpg,0
1309, data/train/women/128613.jpg,0
1310, data/train/women/128622.jpg,0
1311, data/train/women/128733.jpg,0
1312, data/train/women/129043.jpg,0
1313, data/train/women/129081.jpg,0
1314, data/train/women/129106.jpg,0
1315, data/train/women/129238.jpg,0
1316, data/train/women/129249.jpg,0
1317, data/train/women/129465.jpg,0
1318, data/train/women/129718.jpg,0
1319, data/train/women/129752.jpg,0
1320, data/train/women/129776.jpg,0
1321, data/train/women/129787.jpg,0
1322, data/train/women/129978.jpg,0
1323, data/train/women/130029.jpg,0
1324, data/train/women/130051.jpg,0
1325, data/train/women/130088.jpg,0
1326, data/train/women/130126.jpg,0
1327, data/train/women/130212.jpg,0
1328, data/train/women/130261.jpg,0
1329, data/train/women/130286.jpg,0
1330, data/train/women/130300.jpg,0
1331, data/train/women/130390.jpg,0
1332, data/train/women/130572.jpg,0
1333, data/train/women/130654.jpg,0
1334, data/train/women/130684.jpg,0
1335, data/train/women/130717.jpg,0
1336, data/train/women/131034.jpg,0
1337, data/train/women/131093.jpg,0
1338, data/train/women/131176.jpg,0
1339, data/train/women/131400.jpg,0
1340, data/train/women/131453.jpg,0
1341, data/train/women/131566.jpg,0
1342, data/train/women/131616.jpg,0
1343, data/train/women/131744.jpg,0
1344, data/train/women/131890.jpg,0
1345, data/train/women/132088.jpg,0
1346, data/train/women/132605.jpg,0
1347, data/train/women/133044.jpg,0
1348, data/train/women/133101.jpg,0
1349, data/train/women/133110.jpg,0
1350, data/train/women/133169.jpg,0
1351, data/train/women/133180.jpg,0
1352, data/train/women/133383.jpg,0
1353, data/train/women/133639.jpg,0
1354, data/train/women/133674.jpg,0
1355, data/train/women/133752.jpg,0
1356, data/train/women/133759.jpg,0
1357, data/train/women/133805.jpg,0
1358, data/train/women/133923.jpg,0
1359, data/train/women/134075.jpg,0
1360, data/train/women/134173.jpg,0
1361, data/train/women/134218.jpg,0
1362, data/train/women/134394.jpg,0
1363, data/train/women/134477.jpg,0
1364, data/train/women/134481.jpg,0
1365, data/train/women/134498.jpg,0
1366, data/train/women/134526.jpg,0
1367, data/train/women/134534.jpg,0
1368, data/train/women/134880.jpg,0
1369, data/train/women/135014.jpg,0
1370, data/train/women/135141.jpg,0
1371, data/train/women/135158.jpg,0
1372, data/train/women/135291.jpg,0
1373, data/train/women/135329.jpg,0
1374, data/train/women/135601.jpg,0
1375, data/train/women/135666.jpg,0
1376, data/train/women/135681.jpg,0
1377, data/train/women/135684.jpg,0
1378, data/train/women/135751.jpg,0
1379, data/train/women/135803.jpg,0
1380, data/train/women/135873.jpg,0
1381, data/train/women/135954.jpg,0
1382, data/train/women/136022.jpg,0
1383, data/train/women/136046.jpg,0
1384, data/train/women/136091.jpg,0
1385, data/train/women/136158.jpg,0
1386, data/train/women/136242.jpg,0
1387, data/train/women/136305.jpg,0
1388, data/train/women/136320.jpg,0
1389, data/train/women/136403.jpg,0
1390, data/train/women/136558.jpg,0
1391, data/train/women/136777.jpg,0
1392, data/train/women/136785.jpg,0
1393, data/train/women/137070.jpg,0
1394, data/train/women/137163.jpg,0
1395, data/train/women/137270.jpg,0
1396, data/train/women/137368.jpg,0
1397, data/train/women/137425.jpg,0
1398, data/train/women/137472.jpg,0
1399, data/train/women/137515.jpg,0
1400, data/train/women/137536.jpg,0
1401, data/train/women/137632.jpg,0
1402, data/train/women/137730.jpg,0
1403, data/train/women/137882.jpg,0
1404, data/train/women/137918.jpg,0
1405, data/train/women/138092.jpg,0
1406, data/train/women/138107.jpg,0
1407, data/train/women/138272.jpg,0
1408, data/train/women/138492.jpg,0
1409, data/train/women/138754.jpg,0
1410, data/train/women/138933.jpg,0
1411, data/train/women/139117.jpg,0
1412, data/train/women/139219.jpg,0
1413, data/train/women/139230.jpg,0
1414, data/train/women/139282.jpg,0
1415, data/train/women/139290.jpg,0
1416, data/train/women/139420.jpg,0
1417, data/train/women/139602.jpg,0
1418, data/train/women/139662.jpg,0
1419, data/train/women/139820.jpg,0
1420, data/train/women/139840.jpg,0
1421, data/train/women/140098.jpg,0
1422, data/train/women/140331.jpg,0
1423, data/train/women/140366.jpg,0
1424, data/train/women/140495.jpg,0
1425, data/train/women/140626.jpg,0
1426, data/train/women/140919.jpg,0
1427, data/train/women/140972.jpg,0
1428, data/train/women/141137.jpg,0
1429, data/train/women/141144.jpg,0
1430, data/train/women/141171.jpg,0
1431, data/train/women/141423.jpg,0
1432, data/train/women/141517.jpg,0
1433, data/train/women/141760.jpg,0
1434, data/train/women/141787.jpg,0
1435, data/train/women/142040.jpg,0
1436, data/train/women/142157.jpg,0
1437, data/train/women/142167.jpg,0
1438, data/train/women/142455.jpg,0
1439, data/train/women/142492.jpg,0
1440, data/train/women/142606.jpg,0
1441, data/train/women/142615.jpg,0
1442, data/train/women/142634.jpg,0
1443, data/train/women/142719.jpg,0
1444, data/train/women/142721.jpg,0
1445, data/train/women/142736.jpg,0
1446, data/train/women/142888.jpg,0
1447, data/train/women/142914.jpg,0
1448, data/train/women/142944.jpg,0
1449, data/train/women/143044.jpg,0
1450, data/train/women/143106.jpg,0
1451, data/train/women/143158.jpg,0
1452, data/train/women/143194.jpg,0
1453, data/train/women/143417.jpg,0
1454, data/train/women/143503.jpg,0
1455, data/train/women/143581.jpg,0
1456, data/train/women/143640.jpg,0
1457, data/train/women/143720.jpg,0
1458, data/train/women/143740.jpg,0
1459, data/train/women/144216.jpg,0
1460, data/train/women/144258.jpg,0
1461, data/train/women/144283.jpg,0
1462, data/train/women/144369.jpg,0
1463, data/train/women/144456.jpg,0
1464, data/train/women/144579.jpg,0
1465, data/train/women/144598.jpg,0
1466, data/train/women/144623.jpg,0
1467, data/train/women/144687.jpg,0
1468, data/train/women/144924.jpg,0
1469, data/train/women/145050.jpg,0
1470, data/train/women/145159.jpg,0
1471, data/train/women/145397.jpg,0
1472, data/train/women/145403.jpg,0
1473, data/train/women/145415.jpg,0
1474, data/train/women/145546.jpg,0
1475, data/train/women/145581.jpg,0
1476, data/train/women/145821.jpg,0
1477, data/train/women/145835.jpg,0
1478, data/train/women/146112.jpg,0
1479, data/train/women/146127.jpg,0
1480, data/train/women/146191.jpg,0
1481, data/train/women/146251.jpg,0
1482, data/train/women/146425.jpg,0
1483, data/train/women/146572.jpg,0
1484, data/train/women/146573.jpg,0
1485, data/train/women/146611.jpg,0
1486, data/train/women/147061.jpg,0
1487, data/train/women/147174.jpg,0
1488, data/train/women/147410.jpg,0
1489, data/train/women/147423.jpg,0
1490, data/train/women/147503.jpg,0
1491, data/train/women/147553.jpg,0
1492, data/train/women/147586.jpg,0
1493, data/train/women/147766.jpg,0
1494, data/train/women/147777.jpg,0
1495, data/train/women/147820.jpg,0
1496, data/train/women/147833.jpg,0
1497, data/train/women/147907.jpg,0
1498, data/train/women/148029.jpg,0
1499, data/train/women/148060.jpg,0
1500, data/train/women/148065.jpg,0
1501, data/train/women/148118.jpg,0
1502, data/train/women/148192.jpg,0
1503, data/train/women/148211.jpg,0
1504, data/train/women/148333.jpg,0
1505, data/train/women/148402.jpg,0
1506, data/train/women/148416.jpg,0
1507, data/train/women/148421.jpg,0
1508, data/train/women/148508.jpg,0
1509, data/train/women/148624.jpg,0
1510, data/train/women/148768.jpg,0
1511, data/train/women/148778.jpg,0
1512, data/train/women/148787.jpg,0
1513, data/train/women/148873.jpg,0
1514, data/train/women/148991.jpg,0
1515, data/train/women/149000.jpg,0
1516, data/train/women/149200.jpg,0
1517, data/train/women/149321.jpg,0
1518, data/train/women/149547.jpg,0
1519, data/train/women/149565.jpg,0
1520, data/train/women/149775.jpg,0
1521, data/train/women/149799.jpg,0
1522, data/train/women/150215.jpg,0
1523, data/train/women/150481.jpg,0
1524, data/train/women/150772.jpg,0
1525, data/train/women/151241.jpg,0
1526, data/train/women/151260.jpg,0
1527, data/train/women/151530.jpg,0
1528, data/train/women/151591.jpg,0
1529, data/train/women/151896.jpg,0
1530, data/train/women/152081.jpg,0
1531, data/train/women/152087.jpg,0
1532, data/train/women/152088.jpg,0
1533, data/train/women/152213.jpg,0
1534, data/train/women/152291.jpg,0
1535, data/train/women/152359.jpg,0
1536, data/train/women/152979.jpg,0
1537, data/train/women/153181.jpg,0
1538, data/train/women/153471.jpg,0
1539, data/train/women/153559.jpg,0
1540, data/train/women/153595.jpg,0
1541, data/train/women/153800.jpg,0
1542, data/train/women/153869.jpg,0
1543, data/train/women/154053.jpg,0
1544, data/train/women/154332.jpg,0
1545, data/train/women/154378.jpg,0
1546, data/train/women/154428.jpg,0
1547, data/train/women/154514.jpg,0
1548, data/train/women/154667.jpg,0
1549, data/train/women/154723.jpg,0
1550, data/train/women/154801.jpg,0
1551, data/train/women/154887.jpg,0
1552, data/train/women/154903.jpg,0
1553, data/train/women/154948.jpg,0
1554, data/train/women/155216.jpg,0
1555, data/train/women/155258.jpg,0
1556, data/train/women/155289.jpg,0
1557, data/train/women/155296.jpg,0
1558, data/train/women/155381.jpg,0
1559, data/train/women/155691.jpg,0
1560, data/train/women/155744.jpg,0
1561, data/train/women/155794.jpg,0
1562, data/train/women/156342.jpg,0
1563, data/train/women/156368.jpg,0
1564, data/train/women/156415.jpg,0
1565, data/train/women/156426.jpg,0
1566, data/train/women/156583.jpg,0
1567, data/train/women/156809.jpg,0
1568, data/train/women/156913.jpg,0
1569, data/train/women/157017.jpg,0
1570, data/train/women/157035.jpg,0
1571, data/train/women/157398.jpg,0
1572, data/train/women/157418.jpg,0
1573, data/train/women/157475.jpg,0
1574, data/train/women/157856.jpg,0
1575, data/train/women/157893.jpg,0
1576, data/train/women/158003.jpg,0
1577, data/train/women/158161.jpg,0
1578, data/train/women/158506.jpg,0
1579, data/train/women/158508.jpg,0
1580, data/train/women/158647.jpg,0
1581, data/train/women/158685.jpg,0
1582, data/train/women/158767.jpg,0
1583, data/train/women/158812.jpg,0
1584, data/train/women/159109.jpg,0
1585, data/train/women/159347.jpg,0
1586, data/train/women/159502.jpg,0
1587, data/train/women/159551.jpg,0
1588, data/train/women/159778.jpg,0
1589, data/train/women/160054.jpg,0
1590, data/train/women/160071.jpg,0
1591, data/train/women/160087.jpg,0
1592, data/train/women/160098.jpg,0
1593, data/train/women/160296.jpg,0
1594, data/train/women/160404.jpg,0
1595, data/train/women/160625.jpg,0
1596, data/train/women/160660.jpg,0
1597, data/train/women/160755.jpg,0
1598, data/train/women/160819.jpg,0
1599, data/train/women/160834.jpg,0
1600, data/train/women/160914.jpg,0
1601, data/train/women/161161.jpg,0
1602, data/train/women/161210.jpg,0
1603, data/train/women/161642.jpg,0
1604, data/train/women/161648.jpg,0
1605, data/train/women/162003.jpg,0
1606, data/train/women/162039.jpg,0
1607, data/train/women/162119.jpg,0
1608, data/train/women/162225.jpg,0
1609, data/train/women/162370.jpg,0
1610, data/train/women/162427.jpg,0
1611, data/train/women/162465.jpg,0
1612, data/train/women/162572.jpg,0
1613, data/train/women/162744.jpg,0
1614, data/train/women/162975.jpg,0
1615, data/train/women/162988.jpg,0
1616, data/train/women/163009.jpg,0
1617, data/train/women/163057.jpg,0
1618, data/train/women/163235.jpg,0
1619, data/train/women/163466.jpg,0
1620, data/train/women/163526.jpg,0
1621, data/train/women/163588.jpg,0
1622, data/train/women/163806.jpg,0
1623, data/train/women/163950.jpg,0
1624, data/train/women/164025.jpg,0
1625, data/train/women/164066.jpg,0
1626, data/train/women/164112.jpg,0
1627, data/train/women/164132.jpg,0
1628, data/train/women/164173.jpg,0
1629, data/train/women/164180.jpg,0
1630, data/train/women/164233.jpg,0
1631, data/train/women/164310.jpg,0
1632, data/train/women/164422.jpg,0
1633, data/train/women/164437.jpg,0
1634, data/train/women/164533.jpg,0
1635, data/train/women/164579.jpg,0
1636, data/train/women/164588.jpg,0
1637, data/train/women/164631.jpg,0
1638, data/train/women/164706.jpg,0
1639, data/train/women/164781.jpg,0
1640, data/train/women/164948.jpg,0
1641, data/train/women/165107.jpg,0
1642, data/train/women/165165.jpg,0
1643, data/train/women/165217.jpg,0
1644, data/train/women/165225.jpg,0
1645, data/train/women/165235.jpg,0
1646, data/train/women/165473.jpg,0
1647, data/train/women/165588.jpg,0
1648, data/train/women/165665.jpg,0
1649, data/train/women/165957.jpg,0
1650, data/train/women/166039.jpg,0
1651, data/train/women/166177.jpg,0
1652, data/train/women/166190.jpg,0
1653, data/train/women/166287.jpg,0
1654, data/train/women/166337.jpg,0
1655, data/train/women/166440.jpg,0
1656, data/train/women/166627.jpg,0
1657, data/train/women/166803.jpg,0
1658, data/train/women/166835.jpg,0
1659, data/train/women/166846.jpg,0
1660, data/train/women/166902.jpg,0
1661, data/train/women/166912.jpg,0
1662, data/train/women/167111.jpg,0
1663, data/train/women/167405.jpg,0
1664, data/train/women/167991.jpg,0
1665, data/train/women/168181.jpg,0
1666, data/train/women/168476.jpg,0
1667, data/train/women/168527.jpg,0
1668, data/train/women/168601.jpg,0
1669, data/train/women/168814.jpg,0
1670, data/train/women/169048.jpg,0
1671, data/train/women/169074.jpg,0
1672, data/train/women/169098.jpg,0
1673, data/train/women/169199.jpg,0
1674, data/train/women/169283.jpg,0
1675, data/train/women/169305.jpg,0
1676, data/train/women/169336.jpg,0
1677, data/train/women/169446.jpg,0
1678, data/train/women/169575.jpg,0
1679, data/train/women/169628.jpg,0
1680, data/train/women/169678.jpg,0
1681, data/train/women/169749.jpg,0
1682, data/train/women/169797.jpg,0
1683, data/train/women/169897.jpg,0
1684, data/train/women/170037.jpg,0
1685, data/train/women/170140.jpg,0
1686, data/train/women/170227.jpg,0
1687, data/train/women/170238.jpg,0
1688, data/train/women/170584.jpg,0
1689, data/train/women/170753.jpg,0
1690, data/train/women/170919.jpg,0
1691, data/train/women/170920.jpg,0
1692, data/train/women/171336.jpg,0
1693, data/train/women/171665.jpg,0
1694, data/train/women/171733.jpg,0
1695, data/train/women/171808.jpg,0
1696, data/train/women/171818.jpg,0
1697, data/train/women/172048.jpg,0
1698, data/train/women/172078.jpg,0
1699, data/train/women/172127.jpg,0
1700, data/train/women/172142.jpg,0
1701, data/train/women/172190.jpg,0
1702, data/train/women/172432.jpg,0
1703, data/train/women/172483.jpg,0
1704, data/train/women/172679.jpg,0
1705, data/train/women/172748.jpg,0
1706, data/train/women/172749.jpg,0
1707, data/train/women/172784.jpg,0
1708, data/train/women/173006.jpg,0
1709, data/train/women/173122.jpg,0
1710, data/train/women/173130.jpg,0
1711, data/train/women/173161.jpg,0
1712, data/train/women/173338.jpg,0
1713, data/train/women/173441.jpg,0
1714, data/train/women/173450.jpg,0
1715, data/train/women/173466.jpg,0
1716, data/train/women/173475.jpg,0
1717, data/train/women/173703.jpg,0
1718, data/train/women/173728.jpg,0
1719, data/train/women/173767.jpg,0
1720, data/train/women/173793.jpg,0
1721, data/train/women/174702.jpg,0
1722, data/train/women/174791.jpg,0
1723, data/train/women/174792.jpg,0
1724, data/train/women/174822.jpg,0
1725, data/train/women/174839.jpg,0
1726, data/train/women/174989.jpg,0
1727, data/train/women/175079.jpg,0
1728, data/train/women/175150.jpg,0
1729, data/train/women/175225.jpg,0
1730, data/train/women/175355.jpg,0
1731, data/train/women/175509.jpg,0
1732, data/train/women/175595.jpg,0
1733, data/train/women/175840.jpg,0
1734, data/train/women/175863.jpg,0
1735, data/train/women/175889.jpg,0
1736, data/train/women/175964.jpg,0
1737, data/train/women/176120.jpg,0
1738, data/train/women/176306.jpg,0
1739, data/train/women/176470.jpg,0
1740, data/train/women/176520.jpg,0
1741, data/train/women/176589.jpg,0
1742, data/train/women/176612.jpg,0
1743, data/train/women/176687.jpg,0
1744, data/train/women/176780.jpg,0
1745, data/train/women/176817.jpg,0
1746, data/train/women/176850.jpg,0
1747, data/train/women/176852.jpg,0
1748, data/train/women/177159.jpg,0
1749, data/train/women/177200.jpg,0
1750, data/train/women/177269.jpg,0
1751, data/train/women/177661.jpg,0
1752, data/train/women/177738.jpg,0
1753, data/train/women/177747.jpg,0
1754, data/train/women/177804.jpg,0
1755, data/train/women/177853.jpg,0
1756, data/train/women/177854.jpg,0
1757, data/train/women/177972.jpg,0
1758, data/train/women/178019.jpg,0
1759, data/train/women/178060.jpg,0
1760, data/train/women/178345.jpg,0
1761, data/train/women/178378.jpg,0
1762, data/train/women/178445.jpg,0
1763, data/train/women/178461.jpg,0
1764, data/train/women/178463.jpg,0
1765, data/train/women/178663.jpg,0
1766, data/train/women/178958.jpg,0
1767, data/train/women/179042.jpg,0
1768, data/train/women/179045.jpg,0
1769, data/train/women/179371.jpg,0
1770, data/train/women/179381.jpg,0
1771, data/train/women/179424.jpg,0
1772, data/train/women/179453.jpg,0
1773, data/train/women/179526.jpg,0
1774, data/train/women/179936.jpg,0
1775, data/train/women/179943.jpg,0
1776, data/train/women/180034.jpg,0
1777, data/train/women/180036.jpg,0
1778, data/train/women/180096.jpg,0
1779, data/train/women/180300.jpg,0
1780, data/train/women/180509.jpg,0
1781, data/train/women/180672.jpg,0
1782, data/train/women/180910.jpg,0
1783, data/train/women/180925.jpg,0
1784, data/train/women/180999.jpg,0
1785, data/train/women/181137.jpg,0
1786, data/train/women/181167.jpg,0
1787, data/train/women/181208.jpg,0
1788, data/train/women/181268.jpg,0
1789, data/train/women/181385.jpg,0
1790, data/train/women/181419.jpg,0
1791, data/train/women/181425.jpg,0
1792, data/train/women/181685.jpg,0
1793, data/train/women/181686.jpg,0
1794, data/train/women/181774.jpg,0
1795, data/train/women/181881.jpg,0
1796, data/train/women/181989.jpg,0
1797, data/train/women/182028.jpg,0
1798, data/train/women/182158.jpg,0
1799, data/train/women/182311.jpg,0
1800, data/train/women/182359.jpg,0
1801, data/train/women/182484.jpg,0
1802, data/train/women/182505.jpg,0
1803, data/train/women/182536.jpg,0
1804, data/train/women/182805.jpg,0
1805, data/train/women/182896.jpg,0
1806, data/train/women/182928.jpg,0
1807, data/train/women/182953.jpg,0
1808, data/train/women/183007.jpg,0
1809, data/train/women/183018.jpg,0
1810, data/train/women/183066.jpg,0
1811, data/train/women/183083.jpg,0
1812, data/train/women/183245.jpg,0
1813, data/train/women/183317.jpg,0
1814, data/train/women/183368.jpg,0
1815, data/train/women/183635.jpg,0
1816, data/train/women/183759.jpg,0
1817, data/train/women/183769.jpg,0
1818, data/train/women/183879.jpg,0
1819, data/train/women/183950.jpg,0
1820, data/train/women/183953.jpg,0
1821, data/train/women/184076.jpg,0
1822, data/train/women/184219.jpg,0
1823, data/train/women/184253.jpg,0
1824, data/train/women/184264.jpg,0
1825, data/train/women/184280.jpg,0
1826, data/train/women/184311.jpg,0
1827, data/train/women/184506.jpg,0
1828, data/train/women/184555.jpg,0
1829, data/train/women/184599.jpg,0
1830, data/train/women/184739.jpg,0
1831, data/train/women/184893.jpg,0
1832, data/train/women/185022.jpg,0
1833, data/train/women/185254.jpg,0
1834, data/train/women/185315.jpg,0
1835, data/train/women/185649.jpg,0
1836, data/train/women/185705.jpg,0
1837, data/train/women/185728.jpg,0
1838, data/train/women/185830.jpg,0
1839, data/train/women/185975.jpg,0
1840, data/train/women/185998.jpg,0
1841, data/train/women/186179.jpg,0
1842, data/train/women/186394.jpg,0
1843, data/train/women/186597.jpg,0
1844, data/train/women/186789.jpg,0
1845, data/train/women/186840.jpg,0
1846, data/train/women/186968.jpg,0
1847, data/train/women/186985.jpg,0
1848, data/train/women/187058.jpg,0
1849, data/train/women/187169.jpg,0
1850, data/train/women/187255.jpg,0
1851, data/train/women/187278.jpg,0
1852, data/train/women/187310.jpg,0
1853, data/train/women/187333.jpg,0
1854, data/train/women/187538.jpg,0
1855, data/train/women/187609.jpg,0
1856, data/train/women/187714.jpg,0
1857, data/train/women/187750.jpg,0
1858, data/train/women/188022.jpg,0
1859, data/train/women/188040.jpg,0
1860, data/train/women/188142.jpg,0
1861, data/train/women/188239.jpg,0
1862, data/train/women/188443.jpg,0
1863, data/train/women/188476.jpg,0
1864, data/train/women/188516.jpg,0
1865, data/train/women/188573.jpg,0
1866, data/train/women/188608.jpg,0
1867, data/train/women/188616.jpg,0
1868, data/train/women/188697.jpg,0
1869, data/train/women/188870.jpg,0
1870, data/train/women/188884.jpg,0
1871, data/train/women/189046.jpg,0
1872, data/train/women/189358.jpg,0
1873, data/train/women/189378.jpg,0
1874, data/train/women/189406.jpg,0
1875, data/train/women/189609.jpg,0
1876, data/train/women/189701.jpg,0
1877, data/train/women/189827.jpg,0
1878, data/train/women/190106.jpg,0
1879, data/train/women/190109.jpg,0
1880, data/train/women/190225.jpg,0
1881, data/train/women/190269.jpg,0
1882, data/train/women/190533.jpg,0
1883, data/train/women/190549.jpg,0
1884, data/train/women/190612.jpg,0
1885, data/train/women/190625.jpg,0
1886, data/train/women/190697.jpg,0
1887, data/train/women/190772.jpg,0
1888, data/train/women/190831.jpg,0
1889, data/train/women/190839.jpg,0
1890, data/train/women/190994.jpg,0
1891, data/train/women/191070.jpg,0
1892, data/train/women/191082.jpg,0
1893, data/train/women/191130.jpg,0
1894, data/train/women/191207.jpg,0
1895, data/train/women/191290.jpg,0
1896, data/train/women/191517.jpg,0
1897, data/train/women/191604.jpg,0
1898, data/train/women/191617.jpg,0
1899, data/train/women/191619.jpg,0
1900, data/train/women/191692.jpg,0
1901, data/train/women/191848.jpg,0
1902, data/train/women/191907.jpg,0
1903, data/train/women/191937.jpg,0
1904, data/train/women/191944.jpg,0
1905, data/train/women/191959.jpg,0
1906, data/train/women/191960.jpg,0
1907, data/train/women/192139.jpg,0
1908, data/train/women/192150.jpg,0
1909, data/train/women/192554.jpg,0
1910, data/train/women/192635.jpg,0
1911, data/train/women/192650.jpg,0
1912, data/train/women/193111.jpg,0
1913, data/train/women/193292.jpg,0
1914, data/train/women/193299.jpg,0
1915, data/train/women/193306.jpg,0
1916, data/train/women/193339.jpg,0
1917, data/train/women/193442.jpg,0
1918, data/train/women/193556.jpg,0
1919, data/train/women/193919.jpg,0
1920, data/train/women/194209.jpg,0
1921, data/train/women/194582.jpg,0
1922, data/train/women/194598.jpg,0
1923, data/train/women/194869.jpg,0
1924, data/train/women/194897.jpg,0
1925, data/train/women/194944.jpg,0
1926, data/train/women/195027.jpg,0
1927, data/train/women/195037.jpg,0
1928, data/train/women/195175.jpg,0
1929, data/train/women/195229.jpg,0
1930, data/train/women/195318.jpg,0
1931, data/train/women/195457.jpg,0
1932, data/train/women/195478.jpg,0
1933, data/train/women/195672.jpg,0
1934, data/train/women/195833.jpg,0
1935, data/train/women/195968.jpg,0
1936, data/train/women/196085.jpg,0
1937, data/train/women/196112.jpg,0
1938, data/train/women/196189.jpg,0
1939, data/train/women/196278.jpg,0
1940, data/train/women/196375.jpg,0
1941, data/train/women/196440.jpg,0
1942, data/train/women/196598.jpg,0
1943, data/train/women/196809.jpg,0
1944, data/train/women/196974.jpg,0
1945, data/train/women/197046.jpg,0
1946, data/train/women/197110.jpg,0
1947, data/train/women/197346.jpg,0
1948, data/train/women/197356.jpg,0
1949, data/train/women/197409.jpg,0
1950, data/train/women/197424.jpg,0
1951, data/train/women/197498.jpg,0
1952, data/train/women/197520.jpg,0
1953, data/train/women/197638.jpg,0
1954, data/train/women/198082.jpg,0
1955, data/train/women/198190.jpg,0
1956, data/train/women/198198.jpg,0
1957, data/train/women/198294.jpg,0
1958, data/train/women/198348.jpg,0
1959, data/train/women/198471.jpg,0
1960, data/train/women/198661.jpg,0
1961, data/train/women/198780.jpg,0
1962, data/train/women/198874.jpg,0
1963, data/train/women/199094.jpg,0
1964, data/train/women/199096.jpg,0
1965, data/train/women/199220.jpg,0
1966, data/train/women/199342.jpg,0
1967, data/train/women/199598.jpg,0
1968, data/train/women/199638.jpg,0
1969, data/train/women/199642.jpg,0
1970, data/train/women/199790.jpg,0
1971, data/train/women/199962.jpg,0
1972, data/train/women/200058.jpg,0
1973, data/train/women/200072.jpg,0
1974, data/train/women/200105.jpg,0
1975, data/train/women/200112.jpg,0
1976, data/train/women/200141.jpg,0
1977, data/train/women/200369.jpg,0
1978, data/train/women/200422.jpg,0
1979, data/train/women/200518.jpg,0
1980, data/train/women/200524.jpg,0
1981, data/train/women/200587.jpg,0
1982, data/train/women/200604.jpg,0
1983, data/train/women/201009.jpg,0
1984, data/train/women/201018.jpg,0
1985, data/train/women/201102.jpg,0
1986, data/train/women/201276.jpg,0
1987, data/train/women/201336.jpg,0
1988, data/train/women/201368.jpg,0
1989, data/train/women/201430.jpg,0
1990, data/train/women/201522.jpg,0
1991, data/train/women/201538.jpg,0
1992, data/train/women/201797.jpg,0
1993, data/train/women/202090.jpg,0
1994, data/train/women/202101.jpg,0
1995, data/train/women/202139.jpg,0
1996, data/train/women/202312.jpg,0
1997, data/train/women/202382.jpg,0
1998, data/train/women/202408.jpg,0
1999, data/train/women/202521.jpg,0
